use `market`;
-- Customer
use `market`;
insert into user (id, name, gender, email, mobile, address, username, password, role, created_date, last_login) values (1, 'Coral Weatherhill', 'F', 'cweatherhill0@edublogs.org', '7976824478', '8 Shasta Parkway', 'cweatherhill0', '$2a$10$L9PD2TsMfTqNB.r2K9dtbuJK5W2EG6JJ7mqsL/3riL1PsFWa0Yzmq', 'USER', '2017-07-13 12:09:49', '2022-01-24 19:44:35');
insert into user (id, name, gender, email, mobile, address, username, password, role, created_date, last_login) values (2, 'Irwinn Harbottle', 'M', 'iharbottle1@bloomberg.com', '2795908526', '4838 Susan Park', 'iharbottle1', '$2a$10$L9PD2TsMfTqNB.r2K9dtbuJK5W2EG6JJ7mqsL/3riL1PsFWa0Yzmq', 'USER', '2018-03-01 14:45:17', '2022-05-30 12:47:09');
insert into user (id, name, gender, email, mobile, address, username, password, role, created_date, last_login) values (3, 'Jorry Wegener', 'M', 'jwegener2@nbcnews.com', '5517150855', '193 Jana Place', 'jwegener2', '$2a$10$L9PD2TsMfTqNB.r2K9dtbuJK5W2EG6JJ7mqsL/3riL1PsFWa0Yzmq', 'USER', '2019-06-22 06:18:10', '2021-12-18 21:08:14');
insert into user (id, name, gender, email, mobile, address, username, password, role, created_date, last_login) values (4, 'Cody Feasley', 'M', 'cfeasley3@ifeng.com', '5123588132', '3 Twin Pines Crossing', 'cfeasley3', '$2a$10$L9PD2TsMfTqNB.r2K9dtbuJK5W2EG6JJ7mqsL/3riL1PsFWa0Yzmq', 'USER', '2017-12-01 14:23:58', '2021-10-23 05:05:50');
insert into user (id, name, gender, email, mobile, address, username, password, role, created_date, last_login) values (5, 'Alphard Izkovitch', 'F', 'aizkovitch4@icq.com', '8436998429', '84 Corben Court', 'aizkovitch4', '$2a$10$L9PD2TsMfTqNB.r2K9dtbuJK5W2EG6JJ7mqsL/3riL1PsFWa0Yzmq', 'USER', '2017-06-01 19:03:02', '2021-09-24 09:43:07');
insert into user (id, name, gender, email, mobile, address, username, password, role, created_date, last_login) values (6, 'Trista Hannaford', 'F', 'thannaford5@mysql.com', '2047554432', '0292 Wayridge Road', 'thannaford5', '$2a$10$L9PD2TsMfTqNB.r2K9dtbuJK5W2EG6JJ7mqsL/3riL1PsFWa0Yzmq', 'USER', '2018-06-22 14:05:26', '2021-11-05 11:47:59');
insert into user (id, name, gender, email, mobile, address, username, password, role, created_date, last_login) values (7, 'Gregor Gawne', 'M', 'ggawne6@wikipedia.org', '7927160309', '08 Eastwood Place', 'ggawne6', '$2a$10$L9PD2TsMfTqNB.r2K9dtbuJK5W2EG6JJ7mqsL/3riL1PsFWa0Yzmq', 'USER', '2017-03-09 00:05:28', '2021-10-17 16:51:15');
insert into user (id, name, gender, email, mobile, address, username, password, role, created_date, last_login) values (8, 'Jerrie Stanfield', 'F', 'jstanfield7@nhs.uk', '5247724228', '21299 Twin Pines Hill', 'jstanfield7', '$2a$10$L9PD2TsMfTqNB.r2K9dtbuJK5W2EG6JJ7mqsL/3riL1PsFWa0Yzmq', 'USER', '2017-04-17 18:38:39', '2021-10-12 03:28:07');
insert into user (id, name, gender, email, mobile, address, username, password, role, created_date, last_login) values (9, 'Horatius Chapellow', 'M', 'hchapellow8@shareasale.com', '5271317881', '31954 Coolidge Parkway', 'hchapellow8', '$2a$10$L9PD2TsMfTqNB.r2K9dtbuJK5W2EG6JJ7mqsL/3riL1PsFWa0Yzmq', 'USER', '2017-11-14 12:22:43', '2022-08-15 08:55:58');
insert into user (id, name, gender, email, mobile, address, username, password, role, created_date, last_login) values (10, 'Sibbie Cammish', 'M', 'scammish9@skyrock.com', '8664596458', '9595 Ludington Point', 'scammish9', '$2a$10$L9PD2TsMfTqNB.r2K9dtbuJK5W2EG6JJ7mqsL/3riL1PsFWa0Yzmq', 'USER', '2017-06-11 18:24:02', '2021-12-05 08:10:44');
insert into user (id, name, gender, email, mobile, address, username, password, role, created_date, last_login) values (11, 'Faye Wraighte', 'F', 'fwraightea@cnn.com', '3665016958', '57 Becker Plaza', 'fwraightea', '$2a$10$L9PD2TsMfTqNB.r2K9dtbuJK5W2EG6JJ7mqsL/3riL1PsFWa0Yzmq', 'USER', '2018-10-14 12:33:55', '2021-11-30 15:06:09');
insert into user (id, name, gender, email, mobile, address, username, password, role, created_date, last_login) values (12, 'Sollie Paolo', 'M', 'spaolob@360.cn', '1698131002', '3206 Logan Court', 'spaolob', '$2a$10$L9PD2TsMfTqNB.r2K9dtbuJK5W2EG6JJ7mqsL/3riL1PsFWa0Yzmq', 'USER', '2018-11-03 16:15:07', '2021-10-17 13:54:54');
insert into user (id, name, gender, email, mobile, address, username, password, role, created_date, last_login) values (13, 'Ardys Alekhov', 'M', 'aalekhovc@springer.com', '4904886073', '3 Westridge Parkway', 'aalekhovc', '$2a$10$L9PD2TsMfTqNB.r2K9dtbuJK5W2EG6JJ7mqsL/3riL1PsFWa0Yzmq', 'USER', '2019-06-12 07:04:04', '2022-07-14 07:37:32');
insert into user (id, name, gender, email, mobile, address, username, password, role, created_date, last_login) values (14, 'Melina Tuckwell', 'F', 'mtuckwelld@google.com.au', '1964531258', '2 Boyd Junction', 'mtuckwelld', '$2a$10$L9PD2TsMfTqNB.r2K9dtbuJK5W2EG6JJ7mqsL/3riL1PsFWa0Yzmq', 'USER', '2019-06-29 17:40:03', '2021-10-28 17:52:25');
insert into user (id, name, gender, email, mobile, address, username, password, role, created_date, last_login) values (15, 'Vernon Tame', 'M', 'vtamee@over-blog.com', '5064750319', '39435 Thierer Road', 'vtamee', '$2a$10$L9PD2TsMfTqNB.r2K9dtbuJK5W2EG6JJ7mqsL/3riL1PsFWa0Yzmq', 'USER', '2017-06-21 10:40:11', '2021-12-14 15:54:17');
insert into user (id, name, gender, email, mobile, address, username, password, role, created_date, last_login) values (16, 'Devin Abrahm', 'M', 'dabrahmf@clickbank.net', '7267351912', '475 Anzinger Junction', 'dabrahmf', '$2a$10$L9PD2TsMfTqNB.r2K9dtbuJK5W2EG6JJ7mqsL/3riL1PsFWa0Yzmq', 'USER', '2018-05-03 12:15:58', '2021-10-23 07:00:47');
insert into user (id, name, gender, email, mobile, address, username, password, role, created_date, last_login) values (17, 'Kittie Burkhill', 'F', 'kburkhillg@indiatimes.com', '3669353436', '901 Graedel Trail', 'kburkhillg', '$2a$10$L9PD2TsMfTqNB.r2K9dtbuJK5W2EG6JJ7mqsL/3riL1PsFWa0Yzmq', 'USER', '2017-02-02 04:43:01', '2021-10-27 17:40:45');
insert into user (id, name, gender, email, mobile, address, username, password, role, created_date, last_login) values (18, 'Dina Mellon', 'M', 'dmellonh@dailymail.co.uk', '6628663726', '92 Holy Cross Trail', 'dmellonh', '$2a$10$L9PD2TsMfTqNB.r2K9dtbuJK5W2EG6JJ7mqsL/3riL1PsFWa0Yzmq', 'USER', '2018-06-06 18:55:54', '2021-11-21 23:15:55');
insert into user (id, name, gender, email, mobile, address, username, password, role, created_date, last_login) values (19, 'Peg Bartozzi', 'M', 'pbartozzii@newyorker.com', '2213512310', '6074 Mccormick Junction', 'pbartozzii', '$2a$10$L9PD2TsMfTqNB.r2K9dtbuJK5W2EG6JJ7mqsL/3riL1PsFWa0Yzmq', 'USER', '2018-04-27 22:27:15', '2022-05-01 16:14:05');
insert into user (id, name, gender, email, mobile, address, username, password, role, created_date, last_login) values (20, 'Alanna Huish', 'M', 'ahuishj@nydailynews.com', '7141934907', '74 Hansons Point', 'ahuishj', '$2a$10$L9PD2TsMfTqNB.r2K9dtbuJK5W2EG6JJ7mqsL/3riL1PsFWa0Yzmq', 'USER', '2019-08-28 17:10:46', '2021-09-17 06:36:55');
insert into user (id, name, gender, email, mobile, address, username, password, role, created_date, last_login) values (21, 'Kippie Canti', 'F', 'kcantik@engadget.com', '9885302353', '8 Sherman Avenue', 'kcantik', '$2a$10$L9PD2TsMfTqNB.r2K9dtbuJK5W2EG6JJ7mqsL/3riL1PsFWa0Yzmq', 'USER', '2017-02-13 19:55:57', '2022-07-12 22:30:17');
insert into user (id, name, gender, email, mobile, address, username, password, role, created_date, last_login) values (22, 'Herrick Galea', 'F', 'hgaleal@mapy.cz', '9129621983', '457 Merry Point', 'hgaleal', '$2a$10$L9PD2TsMfTqNB.r2K9dtbuJK5W2EG6JJ7mqsL/3riL1PsFWa0Yzmq', 'USER', '2017-07-31 20:21:12', '2022-03-13 05:41:37');
insert into user (id, name, gender, email, mobile, address, username, password, role, created_date, last_login) values (23, 'Nissie Weond', 'M', 'nweondm@github.io', '6569470322', '9366 Messerschmidt Park', 'nweondm', '$2a$10$L9PD2TsMfTqNB.r2K9dtbuJK5W2EG6JJ7mqsL/3riL1PsFWa0Yzmq', 'USER', '2019-07-23 13:11:34', '2021-09-17 19:24:02');
insert into user (id, name, gender, email, mobile, address, username, password, role, created_date, last_login) values (24, 'Alessandro Pollendine', 'F', 'apollendinen@creativecommons.org', '4228955945', '99228 Toban Junction', 'apollendinen', '$2a$10$L9PD2TsMfTqNB.r2K9dtbuJK5W2EG6JJ7mqsL/3riL1PsFWa0Yzmq', 'USER', '2018-05-21 00:11:46', '2022-03-21 17:52:04');
insert into user (id, name, gender, email, mobile, address, username, password, role, created_date, last_login) values (25, 'Mark Elstow', 'M', 'melstowo@typepad.com', '2579257128', '3037 Schmedeman Parkway', 'melstowo', '$2a$10$L9PD2TsMfTqNB.r2K9dtbuJK5W2EG6JJ7mqsL/3riL1PsFWa0Yzmq', 'USER', '2019-05-06 13:07:21', '2022-05-20 09:33:41');
insert into user (id, name, gender, email, mobile, address, username, password, role, created_date, last_login) values (26, 'Patty Kitteringham', 'M', 'pkitteringhamp@slideshare.net', '3978209076', '38 Arizona Road', 'pkitteringhamp', '$2a$10$L9PD2TsMfTqNB.r2K9dtbuJK5W2EG6JJ7mqsL/3riL1PsFWa0Yzmq', 'USER', '2019-04-19 12:28:28', '2022-04-17 19:27:10');
insert into user (id, name, gender, email, mobile, address, username, password, role, created_date, last_login) values (27, 'Rockwell Caret', 'M', 'rcaretq@comcast.net', '8606320833', '16 Morrow Place', 'rcaretq', '$2a$10$L9PD2TsMfTqNB.r2K9dtbuJK5W2EG6JJ7mqsL/3riL1PsFWa0Yzmq', 'USER', '2019-03-13 04:57:06', '2022-06-20 15:58:26');
insert into user (id, name, gender, email, mobile, address, username, password, role, created_date, last_login) values (28, 'Row Treacy', 'M', 'rtreacyr@aboutads.info', '7487543136', '02 Vera Point', 'rtreacyr', '$2a$10$L9PD2TsMfTqNB.r2K9dtbuJK5W2EG6JJ7mqsL/3riL1PsFWa0Yzmq', 'USER', '2018-12-05 12:04:07', '2022-03-12 14:25:35');
insert into user (id, name, gender, email, mobile, address, username, password, role, created_date, last_login) values (29, 'Reba Sleford', 'M', 'rslefords@zdnet.com', '7255997308', '97553 Shelley Place', 'rslefords', '$2a$10$L9PD2TsMfTqNB.r2K9dtbuJK5W2EG6JJ7mqsL/3riL1PsFWa0Yzmq', 'USER', '2018-04-21 02:18:02', '2022-08-13 23:54:58');
insert into user (id, name, gender, email, mobile, address, username, password, role, created_date, last_login) values (30, 'Peggy Martland', 'M', 'pmartlandt@weather.com', '7535317620', '11888 Spohn Place', 'pmartlandt', '$2a$10$L9PD2TsMfTqNB.r2K9dtbuJK5W2EG6JJ7mqsL/3riL1PsFWa0Yzmq', 'USER', '2018-07-18 09:50:43', '2022-06-28 04:29:43');
insert into user (id, name, gender, email, mobile, address, username, password, role, created_date, last_login) values (31, 'Roxana Geelan', 'F', 'rgeelanu@histats.com', '7559614464', '0 Warbler Hill', 'rgeelanu', '$2a$10$L9PD2TsMfTqNB.r2K9dtbuJK5W2EG6JJ7mqsL/3riL1PsFWa0Yzmq', 'USER', '2017-12-09 17:03:10', '2022-02-06 20:06:36');
insert into user (id, name, gender, email, mobile, address, username, password, role, created_date, last_login) values (32, 'Addie Vidineev', 'F', 'avidineevv@xrea.com', '8726418710', '6 Westridge Parkway', 'avidineevv', '$2a$10$L9PD2TsMfTqNB.r2K9dtbuJK5W2EG6JJ7mqsL/3riL1PsFWa0Yzmq', 'USER', '2017-02-22 13:24:07', '2022-07-18 19:15:06');
insert into user (id, name, gender, email, mobile, address, username, password, role, created_date, last_login) values (33, 'Shirley Gettings', 'M', 'sgettingsw@tiny.cc', '7345837324', '44442 Gulseth Pass', 'sgettingsw', '$2a$10$L9PD2TsMfTqNB.r2K9dtbuJK5W2EG6JJ7mqsL/3riL1PsFWa0Yzmq', 'USER', '2017-05-31 14:37:53', '2022-01-30 07:55:35');
insert into user (id, name, gender, email, mobile, address, username, password, role, created_date, last_login) values (34, 'Alanna Capener', 'M', 'acapenerx@hubpages.com', '3584810781', '53 Bluejay Place', 'acapenerx', '$2a$10$L9PD2TsMfTqNB.r2K9dtbuJK5W2EG6JJ7mqsL/3riL1PsFWa0Yzmq', 'USER', '2018-12-20 18:39:47', '2022-08-13 06:19:40');
insert into user (id, name, gender, email, mobile, address, username, password, role, created_date, last_login) values (35, 'Abbott Le Cornu', 'F', 'aley@epa.gov', '6668800748', '74 Continental Place', 'aley', '$2a$10$L9PD2TsMfTqNB.r2K9dtbuJK5W2EG6JJ7mqsL/3riL1PsFWa0Yzmq', 'USER', '2017-02-04 03:18:40', '2021-12-09 03:02:19');
insert into user (id, name, gender, email, mobile, address, username, password, role, created_date, last_login) values (36, 'Even Brunini', 'M', 'ebruniniz@ehow.com', '2228071541', '8 Hauk Way', 'ebruniniz', '$2a$10$L9PD2TsMfTqNB.r2K9dtbuJK5W2EG6JJ7mqsL/3riL1PsFWa0Yzmq', 'USER', '2019-05-04 05:35:30', '2022-01-08 22:49:17');
insert into user (id, name, gender, email, mobile, address, username, password, role, created_date, last_login) values (37, 'Zack De Bell', 'F', 'zde10@spotify.com', '3767332290', '1 Arkansas Center', 'zde10', '$2a$10$L9PD2TsMfTqNB.r2K9dtbuJK5W2EG6JJ7mqsL/3riL1PsFWa0Yzmq', 'USER', '2019-03-03 09:04:35', '2022-06-06 07:23:13');
insert into user (id, name, gender, email, mobile, address, username, password, role, created_date, last_login) values (38, 'Val Ducket', 'M', 'vducket11@aboutads.info', '7108411152', '98 Rusk Parkway', 'vducket11', '$2a$10$L9PD2TsMfTqNB.r2K9dtbuJK5W2EG6JJ7mqsL/3riL1PsFWa0Yzmq', 'USER', '2018-08-15 04:36:51', '2021-09-17 04:02:37');
insert into user (id, name, gender, email, mobile, address, username, password, role, created_date, last_login) values (39, 'Ulberto Sonley', 'F', 'usonley12@nhs.uk', '9234395207', '3152 Goodland Lane', 'usonley12', '$2a$10$L9PD2TsMfTqNB.r2K9dtbuJK5W2EG6JJ7mqsL/3riL1PsFWa0Yzmq', 'USER', '2018-05-05 07:10:51', '2022-03-14 07:12:56');
insert into user (id, name, gender, email, mobile, address, username, password, role, created_date, last_login) values (40, 'Dinny Ruppeli', 'M', 'druppeli13@npr.org', '6467887954', '9163 Spaight Alley', 'druppeli13', '$2a$10$L9PD2TsMfTqNB.r2K9dtbuJK5W2EG6JJ7mqsL/3riL1PsFWa0Yzmq', 'USER', '2019-05-25 14:54:15', '2022-02-13 07:32:16');
insert into user (id, name, gender, email, mobile, address, username, password, role, created_date, last_login) values (41, 'Vergil Barden', 'F', 'vbarden14@github.com', '9378387785', '3542 Laurel Street', 'vbarden14', '$2a$10$L9PD2TsMfTqNB.r2K9dtbuJK5W2EG6JJ7mqsL/3riL1PsFWa0Yzmq', 'USER', '2018-04-19 19:47:47', '2021-10-27 04:36:27');
insert into user (id, name, gender, email, mobile, address, username, password, role, created_date, last_login) values (42, 'Sheffie O''Doohaine', 'F', 'sodoohaine15@auda.org.au', '9656416060', '9887 Trailsway Trail', 'sodoohaine15', '$2a$10$L9PD2TsMfTqNB.r2K9dtbuJK5W2EG6JJ7mqsL/3riL1PsFWa0Yzmq', 'USER', '2018-03-22 19:51:09', '2021-09-11 18:06:46');
insert into user (id, name, gender, email, mobile, address, username, password, role, created_date, last_login) values (43, 'Lauri Fearnall', 'M', 'lfearnall16@w3.org', '7404015044', '176 Sutteridge Crossing', 'lfearnall16', '$2a$10$L9PD2TsMfTqNB.r2K9dtbuJK5W2EG6JJ7mqsL/3riL1PsFWa0Yzmq', 'USER', '2017-07-28 02:41:21', '2021-12-12 21:16:50');
insert into user (id, name, gender, email, mobile, address, username, password, role, created_date, last_login) values (44, 'Antonio Snalom', 'F', 'asnalom17@alibaba.com', '9884279661', '899 Scofield Street', 'asnalom17', '$2a$10$L9PD2TsMfTqNB.r2K9dtbuJK5W2EG6JJ7mqsL/3riL1PsFWa0Yzmq', 'USER', '2018-02-12 17:17:50', '2021-11-11 17:34:56');
insert into user (id, name, gender, email, mobile, address, username, password, role, created_date, last_login) values (45, 'Sean Elsip', 'M', 'selsip18@tiny.cc', '5694501048', '74785 Mandrake Alley', 'selsip18', '$2a$10$L9PD2TsMfTqNB.r2K9dtbuJK5W2EG6JJ7mqsL/3riL1PsFWa0Yzmq', 'USER', '2018-11-13 21:36:37', '2022-04-03 07:45:23');
insert into user (id, name, gender, email, mobile, address, username, password, role, created_date, last_login) values (46, 'Nickey Avramovsky', 'F', 'navramovsky19@geocities.jp', '2217170295', '3 Little Fleur Hill', 'navramovsky19', '$2a$10$L9PD2TsMfTqNB.r2K9dtbuJK5W2EG6JJ7mqsL/3riL1PsFWa0Yzmq', 'USER', '2018-05-06 17:37:44', '2021-10-11 02:16:24');
insert into user (id, name, gender, email, mobile, address, username, password, role, created_date, last_login) values (47, 'Beryl Bruhnke', 'F', 'bbruhnke1a@meetup.com', '9051816428', '728 Browning Place', 'bbruhnke1a', '$2a$10$L9PD2TsMfTqNB.r2K9dtbuJK5W2EG6JJ7mqsL/3riL1PsFWa0Yzmq', 'USER', '2018-12-12 16:59:57', '2021-09-15 22:52:31');
insert into user (id, name, gender, email, mobile, address, username, password, role, created_date, last_login) values (48, 'Eryn Barles', 'F', 'ebarles1b@ted.com', '9045027609', '3943 Kingsford Place', 'ebarles1b', '$2a$10$L9PD2TsMfTqNB.r2K9dtbuJK5W2EG6JJ7mqsL/3riL1PsFWa0Yzmq', 'USER', '2018-06-30 22:02:58', '2021-08-24 09:58:43');
insert into user (id, name, gender, email, mobile, address, username, password, role, created_date, last_login) values (49, 'Fairleigh Bleier', 'M', 'fbleier1c@samsung.com', '1169620665', '7733 Mayer Alley', 'fbleier1c', '$2a$10$L9PD2TsMfTqNB.r2K9dtbuJK5W2EG6JJ7mqsL/3riL1PsFWa0Yzmq', 'USER', '2017-12-17 09:35:12', '2022-03-25 01:30:09');
insert into user (id, name, gender, email, mobile, address, username, password, role, created_date, last_login) values (50, 'Berton Macieja', 'M', 'bmacieja1d@google.pl', '6092065336', '304 Dayton Center', 'bmacieja1d', '$2a$10$L9PD2TsMfTqNB.r2K9dtbuJK5W2EG6JJ7mqsL/3riL1PsFWa0Yzmq', 'USER', '2016-12-30 02:33:18', '2022-02-28 14:19:14');
insert into user (id, name, gender, email, mobile, address, username, password, role, created_date, last_login) values (51, 'Wake Bein', 'M', 'wbein1e@abc.net.au', '3853141132', '34392 Pennsylvania Point', 'wbein1e', '$2a$10$L9PD2TsMfTqNB.r2K9dtbuJK5W2EG6JJ7mqsL/3riL1PsFWa0Yzmq', 'USER', '2018-08-17 15:21:22', '2022-02-13 20:43:31');
insert into user (id, name, gender, email, mobile, address, username, password, role, created_date, last_login) values (52, 'Egan Imbrey', 'F', 'eimbrey1f@google.co.uk', '3402665028', '0 Donald Street', 'eimbrey1f', '$2a$10$L9PD2TsMfTqNB.r2K9dtbuJK5W2EG6JJ7mqsL/3riL1PsFWa0Yzmq', 'USER', '2018-05-25 05:43:05', '2022-05-02 13:45:24');
insert into user (id, name, gender, email, mobile, address, username, password, role, created_date, last_login) values (53, 'Marika Vigers', 'F', 'mvigers1g@berkeley.edu', '8177287755', '74479 Corben Park', 'mvigers1g', '$2a$10$L9PD2TsMfTqNB.r2K9dtbuJK5W2EG6JJ7mqsL/3riL1PsFWa0Yzmq', 'USER', '2018-01-04 20:34:45', '2022-06-21 03:08:01');
insert into user (id, name, gender, email, mobile, address, username, password, role, created_date, last_login) values (54, 'Avrit Ullett', 'F', 'aullett1h@omniture.com', '3358670855', '216 Anderson Plaza', 'aullett1h', '$2a$10$L9PD2TsMfTqNB.r2K9dtbuJK5W2EG6JJ7mqsL/3riL1PsFWa0Yzmq', 'USER', '2019-02-06 04:45:03', '2021-08-24 10:04:19');
insert into user (id, name, gender, email, mobile, address, username, password, role, created_date, last_login) values (55, 'Bamby Tebbitt', 'F', 'btebbitt1i@hao123.com', '7798542411', '02 Dixon Lane', 'btebbitt1i', '$2a$10$L9PD2TsMfTqNB.r2K9dtbuJK5W2EG6JJ7mqsL/3riL1PsFWa0Yzmq', 'USER', '2017-12-10 03:54:21', '2022-06-11 23:41:27');
insert into user (id, name, gender, email, mobile, address, username, password, role, created_date, last_login) values (56, 'Meredeth Freak', 'F', 'mfreak1j@apple.com', '3817281799', '40060 Prairieview Alley', 'mfreak1j', '$2a$10$L9PD2TsMfTqNB.r2K9dtbuJK5W2EG6JJ7mqsL/3riL1PsFWa0Yzmq', 'USER', '2019-04-09 12:16:50', '2021-09-30 03:18:30');
insert into user (id, name, gender, email, mobile, address, username, password, role, created_date, last_login) values (57, 'Rafaelita Cuttle', 'F', 'rcuttle1k@google.cn', '4377649177', '2740 Armistice Alley', 'rcuttle1k', '$2a$10$L9PD2TsMfTqNB.r2K9dtbuJK5W2EG6JJ7mqsL/3riL1PsFWa0Yzmq', 'USER', '2018-07-08 13:21:44', '2022-03-21 13:29:41');
insert into user (id, name, gender, email, mobile, address, username, password, role, created_date, last_login) values (58, 'Nikki St Louis', 'F', 'nst1l@opera.com', '3273133956', '4683 Moose Avenue', 'nst1l', '$2a$10$L9PD2TsMfTqNB.r2K9dtbuJK5W2EG6JJ7mqsL/3riL1PsFWa0Yzmq', 'USER', '2017-08-23 03:02:19', '2021-11-09 03:11:28');
insert into user (id, name, gender, email, mobile, address, username, password, role, created_date, last_login) values (59, 'Deanna Tooting', 'M', 'dtooting1m@telegraph.co.uk', '7698637276', '269 Main Junction', 'dtooting1m', '$2a$10$L9PD2TsMfTqNB.r2K9dtbuJK5W2EG6JJ7mqsL/3riL1PsFWa0Yzmq', 'USER', '2017-09-18 07:15:40', '2022-02-24 04:48:14');
insert into user (id, name, gender, email, mobile, address, username, password, role, created_date, last_login) values (60, 'Giacobo Jeffree', 'M', 'gjeffree1n@auda.org.au', '9555231025', '72555 Vidon Street', 'gjeffree1n', '$2a$10$L9PD2TsMfTqNB.r2K9dtbuJK5W2EG6JJ7mqsL/3riL1PsFWa0Yzmq', 'USER', '2017-12-25 00:16:26', '2021-10-16 03:26:12');
insert into user (id, name, gender, email, mobile, address, username, password, role, created_date, last_login) values (61, 'Wendell Spary', 'M', 'wspary1o@taobao.com', '5748177852', '74 Delladonna Circle', 'wspary1o', '$2a$10$L9PD2TsMfTqNB.r2K9dtbuJK5W2EG6JJ7mqsL/3riL1PsFWa0Yzmq', 'USER', '2019-08-02 04:20:37', '2022-05-09 02:01:05');
insert into user (id, name, gender, email, mobile, address, username, password, role, created_date, last_login) values (62, 'Ignacius Basey', 'F', 'ibasey1p@wikipedia.org', '8932877939', '72088 Westport Place', 'ibasey1p', '$2a$10$L9PD2TsMfTqNB.r2K9dtbuJK5W2EG6JJ7mqsL/3riL1PsFWa0Yzmq', 'USER', '2018-07-05 11:13:45', '2022-04-07 03:53:59');
insert into user (id, name, gender, email, mobile, address, username, password, role, created_date, last_login) values (63, 'Bernetta Napolitano', 'F', 'bnapolitano1q@wordpress.org', '8224145192', '25 Kensington Center', 'bnapolitano1q', '$2a$10$L9PD2TsMfTqNB.r2K9dtbuJK5W2EG6JJ7mqsL/3riL1PsFWa0Yzmq', 'USER', '2017-11-13 18:22:05', '2022-03-04 19:27:36');
insert into user (id, name, gender, email, mobile, address, username, password, role, created_date, last_login) values (64, 'Corabella Schoroder', 'M', 'cschoroder1r@jalbum.net', '3965729569', '2 Fisk Center', 'cschoroder1r', '$2a$10$L9PD2TsMfTqNB.r2K9dtbuJK5W2EG6JJ7mqsL/3riL1PsFWa0Yzmq', 'USER', '2017-09-09 12:03:24', '2021-12-14 19:32:56');
insert into user (id, name, gender, email, mobile, address, username, password, role, created_date, last_login) values (65, 'Morris Speechly', 'M', 'mspeechly1s@nih.gov', '2269706316', '3575 Pond Place', 'mspeechly1s', '$2a$10$L9PD2TsMfTqNB.r2K9dtbuJK5W2EG6JJ7mqsL/3riL1PsFWa0Yzmq', 'USER', '2017-05-13 06:22:34', '2022-03-26 07:41:42');
insert into user (id, name, gender, email, mobile, address, username, password, role, created_date, last_login) values (66, 'Madeline Sperwell', 'M', 'msperwell1t@aol.com', '4816431306', '3 Twin Pines Center', 'msperwell1t', '$2a$10$L9PD2TsMfTqNB.r2K9dtbuJK5W2EG6JJ7mqsL/3riL1PsFWa0Yzmq', 'USER', '2018-06-06 10:10:37', '2022-04-19 00:40:30');
insert into user (id, name, gender, email, mobile, address, username, password, role, created_date, last_login) values (67, 'Anet Loram', 'F', 'aloram1u@earthlink.net', '6041162056', '0 Becker Crossing', 'aloram1u', '$2a$10$L9PD2TsMfTqNB.r2K9dtbuJK5W2EG6JJ7mqsL/3riL1PsFWa0Yzmq', 'USER', '2018-03-14 08:27:39', '2022-06-16 15:36:18');
insert into user (id, name, gender, email, mobile, address, username, password, role, created_date, last_login) values (68, 'Sue Gorrissen', 'F', 'sgorrissen1v@eepurl.com', '1251187332', '39 Holy Cross Circle', 'sgorrissen1v', '$2a$10$L9PD2TsMfTqNB.r2K9dtbuJK5W2EG6JJ7mqsL/3riL1PsFWa0Yzmq', 'USER', '2017-03-18 12:08:16', '2022-05-21 16:58:50');
insert into user (id, name, gender, email, mobile, address, username, password, role, created_date, last_login) values (69, 'Court Jurn', 'M', 'cjurn1w@cpanel.net', '6417446268', '15800 Glacier Hill Parkway', 'cjurn1w', '$2a$10$L9PD2TsMfTqNB.r2K9dtbuJK5W2EG6JJ7mqsL/3riL1PsFWa0Yzmq', 'USER', '2018-04-20 14:14:09', '2021-09-26 18:27:05');
insert into user (id, name, gender, email, mobile, address, username, password, role, created_date, last_login) values (70, 'Pate Roswarn', 'F', 'proswarn1x@hc360.com', '5352357898', '9 Lindbergh Hill', 'proswarn1x', '$2a$10$L9PD2TsMfTqNB.r2K9dtbuJK5W2EG6JJ7mqsL/3riL1PsFWa0Yzmq', 'USER', '2019-06-27 13:47:56', '2021-08-27 06:34:31');
insert into user (id, name, gender, email, mobile, address, username, password, role, created_date, last_login) values (71, 'Hilly Seaward', 'F', 'hseaward1y@ted.com', '8501409744', '3 Carioca Place', 'hseaward1y', '$2a$10$L9PD2TsMfTqNB.r2K9dtbuJK5W2EG6JJ7mqsL/3riL1PsFWa0Yzmq', 'USER', '2017-11-02 20:24:16', '2022-08-22 09:01:21');
insert into user (id, name, gender, email, mobile, address, username, password, role, created_date, last_login) values (72, 'Iona Bampkin', 'M', 'ibampkin1z@mac.com', '7635842604', '29 Clyde Gallagher Alley', 'ibampkin1z', '$2a$10$L9PD2TsMfTqNB.r2K9dtbuJK5W2EG6JJ7mqsL/3riL1PsFWa0Yzmq', 'USER', '2017-02-16 22:51:43', '2022-07-05 04:49:14');
insert into user (id, name, gender, email, mobile, address, username, password, role, created_date, last_login) values (73, 'Karole Kivell', 'M', 'kkivell20@home.pl', '9951585340', '2 Rusk Point', 'kkivell20', '$2a$10$L9PD2TsMfTqNB.r2K9dtbuJK5W2EG6JJ7mqsL/3riL1PsFWa0Yzmq', 'USER', '2018-05-13 08:41:53', '2021-11-06 08:49:38');
insert into user (id, name, gender, email, mobile, address, username, password, role, created_date, last_login) values (74, 'Brandy A''field', 'M', 'bafield21@last.fm', '6202611735', '69 Katie Center', 'bafield21', '$2a$10$L9PD2TsMfTqNB.r2K9dtbuJK5W2EG6JJ7mqsL/3riL1PsFWa0Yzmq', 'USER', '2018-02-23 03:09:50', '2022-02-22 04:37:42');
insert into user (id, name, gender, email, mobile, address, username, password, role, created_date, last_login) values (75, 'Fanchon Argyle', 'F', 'fargyle22@xing.com', '9362890100', '745 Shopko Crossing', 'fargyle22', '$2a$10$L9PD2TsMfTqNB.r2K9dtbuJK5W2EG6JJ7mqsL/3riL1PsFWa0Yzmq', 'USER', '2017-12-10 19:03:10', '2022-03-28 03:17:18');
insert into user (id, name, gender, email, mobile, address, username, password, role, created_date, last_login) values (76, 'Sherwood Legan', 'M', 'slegan23@admin.ch', '8833562726', '375 Rusk Hill', 'slegan23', '$2a$10$L9PD2TsMfTqNB.r2K9dtbuJK5W2EG6JJ7mqsL/3riL1PsFWa0Yzmq', 'USER', '2017-06-03 21:16:58', '2021-09-24 18:39:23');
insert into user (id, name, gender, email, mobile, address, username, password, role, created_date, last_login) values (77, 'Chloe Snar', 'M', 'csnar24@reverbnation.com', '8569543825', '8 Nancy Way', 'csnar24', '$2a$10$L9PD2TsMfTqNB.r2K9dtbuJK5W2EG6JJ7mqsL/3riL1PsFWa0Yzmq', 'USER', '2017-05-12 17:51:52', '2022-02-28 13:31:14');
insert into user (id, name, gender, email, mobile, address, username, password, role, created_date, last_login) values (78, 'Curr Nesbeth', 'F', 'cnesbeth25@netlog.com', '9592406716', '63933 Towne Street', 'cnesbeth25', '$2a$10$L9PD2TsMfTqNB.r2K9dtbuJK5W2EG6JJ7mqsL/3riL1PsFWa0Yzmq', 'USER', '2017-12-12 06:57:25', '2022-06-30 01:17:19');
insert into user (id, name, gender, email, mobile, address, username, password, role, created_date, last_login) values (79, 'Fredi De la Yglesia', 'F', 'fde26@biglobe.ne.jp', '8593992579', '08695 Artisan Center', 'fde26', '$2a$10$L9PD2TsMfTqNB.r2K9dtbuJK5W2EG6JJ7mqsL/3riL1PsFWa0Yzmq', 'USER', '2018-05-12 09:32:51', '2022-02-23 12:29:05');
insert into user (id, name, gender, email, mobile, address, username, password, role, created_date, last_login) values (80, 'Broddie Dibsdale', 'F', 'bdibsdale27@istockphoto.com', '3385960891', '2 Basil Hill', 'bdibsdale27', '$2a$10$L9PD2TsMfTqNB.r2K9dtbuJK5W2EG6JJ7mqsL/3riL1PsFWa0Yzmq', 'USER', '2017-02-09 07:58:46', '2022-08-01 09:13:36');
insert into user (id, name, gender, email, mobile, address, username, password, role, created_date, last_login) values (81, 'Perice Vasic', 'F', 'pvasic28@imdb.com', '5952867994', '6 Beilfuss Court', 'pvasic28', '$2a$10$L9PD2TsMfTqNB.r2K9dtbuJK5W2EG6JJ7mqsL/3riL1PsFWa0Yzmq', 'USER', '2017-12-03 20:12:41', '2022-07-13 05:09:20');
insert into user (id, name, gender, email, mobile, address, username, password, role, created_date, last_login) values (82, 'Lusa Oakshott', 'M', 'loakshott29@typepad.com', '5874162663', '80 Bartelt Crossing', 'loakshott29', '$2a$10$L9PD2TsMfTqNB.r2K9dtbuJK5W2EG6JJ7mqsL/3riL1PsFWa0Yzmq', 'USER', '2018-12-03 13:30:46', '2022-03-31 10:29:56');
insert into user (id, name, gender, email, mobile, address, username, password, role, created_date, last_login) values (83, 'Kelsy Kurdani', 'M', 'kkurdani2a@apache.org', '6319946305', '040 International Alley', 'kkurdani2a', '$2a$10$L9PD2TsMfTqNB.r2K9dtbuJK5W2EG6JJ7mqsL/3riL1PsFWa0Yzmq', 'USER', '2018-07-05 17:03:01', '2022-07-24 01:25:39');
insert into user (id, name, gender, email, mobile, address, username, password, role, created_date, last_login) values (84, 'Doro Sharer', 'M', 'dsharer2b@diigo.com', '3644711913', '7 Union Plaza', 'dsharer2b', '$2a$10$L9PD2TsMfTqNB.r2K9dtbuJK5W2EG6JJ7mqsL/3riL1PsFWa0Yzmq', 'USER', '2017-04-27 08:20:33', '2022-08-09 13:20:33');
insert into user (id, name, gender, email, mobile, address, username, password, role, created_date, last_login) values (85, 'Luce Iacobo', 'F', 'liacobo2c@dyndns.org', '4886270302', '2 Fordem Circle', 'liacobo2c', '$2a$10$L9PD2TsMfTqNB.r2K9dtbuJK5W2EG6JJ7mqsL/3riL1PsFWa0Yzmq', 'USER', '2019-06-27 05:00:22', '2021-09-12 04:59:25');
insert into user (id, name, gender, email, mobile, address, username, password, role, created_date, last_login) values (86, 'Mady Stockney', 'M', 'mstockney2d@sciencedirect.com', '8104225396', '7 Badeau Junction', 'mstockney2d', '$2a$10$L9PD2TsMfTqNB.r2K9dtbuJK5W2EG6JJ7mqsL/3riL1PsFWa0Yzmq', 'USER', '2019-07-07 11:42:15', '2022-02-11 14:19:57');
insert into user (id, name, gender, email, mobile, address, username, password, role, created_date, last_login) values (87, 'Lenore Dries', 'F', 'ldries2e@cbsnews.com', '7647878352', '5712 Jackson Parkway', 'ldries2e', '$2a$10$L9PD2TsMfTqNB.r2K9dtbuJK5W2EG6JJ7mqsL/3riL1PsFWa0Yzmq', 'USER', '2017-01-01 13:44:15', '2022-06-09 08:01:22');
insert into user (id, name, gender, email, mobile, address, username, password, role, created_date, last_login) values (88, 'Barbabas Piegrome', 'M', 'bpiegrome2f@fotki.com', '3665966031', '167 Dwight Park', 'bpiegrome2f', '$2a$10$L9PD2TsMfTqNB.r2K9dtbuJK5W2EG6JJ7mqsL/3riL1PsFWa0Yzmq', 'USER', '2019-04-22 12:15:07', '2021-12-04 23:31:41');
insert into user (id, name, gender, email, mobile, address, username, password, role, created_date, last_login) values (89, 'Saxe Bleasby', 'F', 'sbleasby2g@wufoo.com', '3755404107', '3 Chinook Terrace', 'sbleasby2g', '$2a$10$L9PD2TsMfTqNB.r2K9dtbuJK5W2EG6JJ7mqsL/3riL1PsFWa0Yzmq', 'USER', '2018-02-06 19:17:48', '2022-04-07 12:59:55');
insert into user (id, name, gender, email, mobile, address, username, password, role, created_date, last_login) values (90, 'Jeniffer O''Collopy', 'F', 'jocollopy2h@marketwatch.com', '9608620889', '85799 Golf Alley', 'jocollopy2h', '$2a$10$L9PD2TsMfTqNB.r2K9dtbuJK5W2EG6JJ7mqsL/3riL1PsFWa0Yzmq', 'USER', '2018-03-21 02:14:35', '2021-09-20 19:26:20');
insert into user (id, name, gender, email, mobile, address, username, password, role, created_date, last_login) values (91, 'Natalie Feye', 'M', 'nfeye2i@yellowpages.com', '4432783446', '40 Prairie Rose Alley', 'nfeye2i', '$2a$10$L9PD2TsMfTqNB.r2K9dtbuJK5W2EG6JJ7mqsL/3riL1PsFWa0Yzmq', 'USER', '2017-06-15 06:51:40', '2021-12-16 11:06:11');
insert into user (id, name, gender, email, mobile, address, username, password, role, created_date, last_login) values (92, 'Christye Fruen', 'F', 'cfruen2j@surveymonkey.com', '4585971488', '83 Mayer Drive', 'cfruen2j', '$2a$10$L9PD2TsMfTqNB.r2K9dtbuJK5W2EG6JJ7mqsL/3riL1PsFWa0Yzmq', 'USER', '2017-12-21 10:08:27', '2021-11-18 12:39:29');
insert into user (id, name, gender, email, mobile, address, username, password, role, created_date, last_login) values (93, 'Micheal Bricham', 'F', 'mbricham2k@nih.gov', '5648237420', '17242 Arapahoe Point', 'mbricham2k', '$2a$10$L9PD2TsMfTqNB.r2K9dtbuJK5W2EG6JJ7mqsL/3riL1PsFWa0Yzmq', 'USER', '2017-11-02 17:42:31', '2022-02-09 07:05:05');
insert into user (id, name, gender, email, mobile, address, username, password, role, created_date, last_login) values (94, 'Amie Riccelli', 'M', 'ariccelli2l@oaic.gov.au', '1366604308', '90894 Harper Alley', 'ariccelli2l', '$2a$10$L9PD2TsMfTqNB.r2K9dtbuJK5W2EG6JJ7mqsL/3riL1PsFWa0Yzmq', 'USER', '2017-03-28 10:04:43', '2021-11-27 07:12:45');
insert into user (id, name, gender, email, mobile, address, username, password, role, created_date, last_login) values (95, 'Carmelle Darke', 'M', 'cdarke2m@dailymotion.com', '2243802602', '13566 Meadow Valley Plaza', 'cdarke2m', '$2a$10$L9PD2TsMfTqNB.r2K9dtbuJK5W2EG6JJ7mqsL/3riL1PsFWa0Yzmq', 'USER', '2019-04-25 12:35:41', '2021-12-31 09:36:09');
insert into user (id, name, gender, email, mobile, address, username, password, role, created_date, last_login) values (96, 'Pall Dignam', 'M', 'pdignam2n@canalblog.com', '4094195770', '08 Burrows Alley', 'pdignam2n', '$2a$10$L9PD2TsMfTqNB.r2K9dtbuJK5W2EG6JJ7mqsL/3riL1PsFWa0Yzmq', 'USER', '2018-05-16 04:28:03', '2021-09-22 08:01:52');
insert into user (id, name, gender, email, mobile, address, username, password, role, created_date, last_login) values (97, 'Casi Delucia', 'F', 'cdelucia2o@cdbaby.com', '8753793102', '331 Golf View Park', 'cdelucia2o', '$2a$10$L9PD2TsMfTqNB.r2K9dtbuJK5W2EG6JJ7mqsL/3riL1PsFWa0Yzmq', 'USER', '2017-11-04 14:24:26', '2022-03-18 01:06:11');
insert into user (id, name, gender, email, mobile, address, username, password, role, created_date, last_login) values (98, 'Sibeal Goldster', 'M', 'sgoldster2p@scribd.com', '7555083355', '1030 Bunting Street', 'sgoldster2p', '$2a$10$L9PD2TsMfTqNB.r2K9dtbuJK5W2EG6JJ7mqsL/3riL1PsFWa0Yzmq', 'USER', '2017-04-03 14:24:05', '2022-03-09 08:41:10');
insert into user (id, name, gender, email, mobile, address, username, password, role, created_date, last_login) values (99, 'Carmine Awty', 'F', 'cawty2q@economist.com', '8582038795', '5116 Forest Run Avenue', 'cawty2q', '$2a$10$L9PD2TsMfTqNB.r2K9dtbuJK5W2EG6JJ7mqsL/3riL1PsFWa0Yzmq', 'USER', '2017-10-27 04:51:29', '2022-05-12 08:02:01');
insert into user (id, name, gender, email, mobile, address, username, password, role, created_date, last_login) values (100, 'Pippa Doorbar', 'M', 'pdoorbar2r@tripadvisor.com', '2842309713', '221 Lakewood Gardens Junction', 'pdoorbar2r', '$2a$10$L9PD2TsMfTqNB.r2K9dtbuJK5W2EG6JJ7mqsL/3riL1PsFWa0Yzmq', 'USER', '2017-07-07 23:17:22', '2022-03-11 00:31:28');

insert into user (id, name, gender, email, mobile, address, username, password, role, created_date, last_login) values (101, 'Biddie Vergo', 'M', 'bvergo0@ask.com', '3779427270', null, 'bvergo0', '$2a$10$L9PD2TsMfTqNB.r2K9dtbuJK5W2EG6JJ7mqsL/3riL1PsFWa0Yzmq', 'ADMIN', '2019-05-31 19:25:33', '2022-06-11 10:50:59');
insert into user (id, name, gender, email, mobile, address, username, password, role, created_date, last_login) values (102, 'Fionnula Inggall', 'F', 'finggall1@berkeley.edu', '8097976703', null, 'finggall1', '$2a$10$L9PD2TsMfTqNB.r2K9dtbuJK5W2EG6JJ7mqsL/3riL1PsFWa0Yzmq', 'ADMIN', '2019-08-22 22:11:41', '2022-01-29 02:47:39');
insert into user (id, name, gender, email, mobile, address, username, password, role, created_date, last_login) values (103, 'Kathie Bonhome', 'M', 'kbonhome2@who.int', '7463857241', null, 'kbonhome2', '$2a$10$L9PD2TsMfTqNB.r2K9dtbuJK5W2EG6JJ7mqsL/3riL1PsFWa0Yzmq', 'ADMIN', '2019-05-30 00:17:31', '2022-06-29 15:19:39');
insert into user (id, name, gender, email, mobile, address, username, password, role, created_date, last_login) values (104, 'Patten Halifax', 'M', 'phalifax3@ustream.tv', '8111968933', null, 'phalifax3', '$2a$10$L9PD2TsMfTqNB.r2K9dtbuJK5W2EG6JJ7mqsL/3riL1PsFWa0Yzmq', 'ADMIN', '2018-03-14 04:36:47', '2022-04-21 22:21:46');
insert into user (id, name, gender, email, mobile, address, username, password, role, created_date, last_login) values (105, 'Christean Lamba', 'F', 'clamba4@shutterfly.com', '4231597386', null, 'clamba4', '$2a$10$L9PD2TsMfTqNB.r2K9dtbuJK5W2EG6JJ7mqsL/3riL1PsFWa0Yzmq', 'ADMIN', '2018-11-09 05:33:54', '2022-03-27 08:58:11');
insert into user (id, name, gender, email, mobile, address, username, password, role, created_date, last_login) values (106, 'Minor Quidenham', 'M', 'mquidenham5@eventbrite.com', '5751142457', null, 'mquidenham5', '$2a$10$L9PD2TsMfTqNB.r2K9dtbuJK5W2EG6JJ7mqsL/3riL1PsFWa0Yzmq', 'ADMIN', '2018-12-08 06:10:39', '2022-04-27 02:44:44');
insert into user (id, name, gender, email, mobile, address, username, password, role, created_date, last_login) values (107, 'Ginger Curston', 'F', 'gcurston6@wsj.com', '5265844290', null, 'gcurston6', '$2a$10$L9PD2TsMfTqNB.r2K9dtbuJK5W2EG6JJ7mqsL/3riL1PsFWa0Yzmq', 'ADMIN', '2018-08-10 13:21:26', '2022-02-22 15:15:12');
insert into user (id, name, gender, email, mobile, address, username, password, role, created_date, last_login) values (108, 'Cacilia Onyon', 'F', 'conyon7@over-blog.com', '6192870308', null, 'conyon7', '$2a$10$L9PD2TsMfTqNB.r2K9dtbuJK5W2EG6JJ7mqsL/3riL1PsFWa0Yzmq', 'ADMIN', '2019-06-27 22:38:07', '2021-09-25 06:03:31');
insert into user (id, name, gender, email, mobile, address, username, password, role, created_date, last_login) values (109, 'Jennine Burnside', 'M', 'jburnside8@biblegateway.com', '6725619673', null, 'jburnside8', '$2a$10$L9PD2TsMfTqNB.r2K9dtbuJK5W2EG6JJ7mqsL/3riL1PsFWa0Yzmq', 'ADMIN', '2019-09-11 19:47:42', '2021-11-06 07:57:37');
insert into user (id, name, gender, email, mobile, address, username, password, role, created_date, last_login) values (110, 'Analise Orrick', 'F', 'aorrick9@ezinearticles.com', '8758780906', null, 'aorrick9', '$2a$10$L9PD2TsMfTqNB.r2K9dtbuJK5W2EG6JJ7mqsL/3riL1PsFWa0Yzmq', 'ADMIN', '2017-07-30 04:00:59', '2021-11-17 15:00:23');
-- product
use `market`;
insert into product (name, code, title, summary, description, img_link, price, discount, quantity, created_date, modified_date)
values ('Máy lạnh Toshiba Inverter 1 HP RAS-H10DKCVG-V', 'S7224XB', 'Toshiba', '1', 'Thương hiệu máy lạnh gần gũi với người tiêu dùng Việt, Tosiba thiết kế dòng máy lạnh Toshiba Inverter 1 HP RAS-H10DKCVG-V với kiểu dáng nhỏ gọn, công suất 1 HP phù hợp cho những không gian phòng ngủ hoặc phòng khách có diện tích 15 m2 đổ lại. Tiết kiệm điện năng tối ưu,...', 'http://bizweb.dktcdn.net/thumb/large/100/304/529/products/may-lanh-toshiba-ras-h10dkcvg-v-1-org-fa5ffecd-fe7e-4468-930e-7981e67cf12b.jpg?v=1526179729240', 10.5, 14, 100, '2018-06-01 13:05:17', '2022-01-06 08:02:50');
insert into product (name, code, title, summary, description, img_link, price, discount, quantity, created_date, modified_date)
values ('Máy lạnh Panasonic Inverter 1 HP CU/CS-PU9UKH-8', 'S7224XB', 'Panasonic', '1', 'Sản phẩm máy lạnh Panasonic Inverter 1 HP CU/CS-PU9UKH-8 thuộc dòng máy lạnh Inverter tiêu chuẩn 2018 của Panasonic, được khoát lên mình màu trắng ánh ngọc trai tinh tế, quý phái, kèm theo đó cửa gió cũng được thiết kế rộng hơn giúp thổi gió xa hơn mát lạnh nhanh hơn. Công nghệ Inverter...', 'http://bizweb.dktcdn.net/thumb/large/100/304/529/products/panasonic-cu-cs-pu9ukh-8-1-1-org-5ff57c6f-97f7-4e87-ad05-4b1a99859935.jpg?v=1526179558433', 10.6, 12, 100, '2017-09-17 23:11:16', '2022-01-06 08:02:50');
insert into product (name, code, title, summary, description, img_link, price, discount, quantity, created_date, modified_date)
values ('Máy lạnh Daikin Inverter 1 HP FTKQ25SVMV', 'S7224XB', 'Daikin', '1', 'Với thiết kế nhỏ gọn, vẻ ngoài màu trắng tinh tế, máy lạnh Daikin Inverter 1 HP FTKQ25SVMV sẽ mang đến vẻ đẹp thanh lịch cho không gian phòng ốc nhà bạn. Máy có công suất làm lạnh là 1 HP, thích hợp cho khoảng không gian vừa và nhỏ (dưới 15m2) như phòng ngủ, phòng làm việc,...', 'http://bizweb.dktcdn.net/thumb/large/100/304/529/products/may-lanh-daikin-ftkq25svmv-1-org.jpg?v=1526179414280', 10.5, 20, 100, '2017-09-23 21:06:54', '2022-01-06 08:02:50');
insert into product (name, code, title, summary, description, img_link, price, discount, quantity, created_date, modified_date)
values ('Máy lạnh Sharp 1 HP AH-A25UEW', 'S7224XB', 'Sharp', '1', 'Sản phẩm máy lạnh Sharp 1 HP AH-A25UEW thuộc dòng máy lạnh Inverter tiêu chuẩn 2018 của Sharp, được khoát lên mình màu trắng ánh ngọc trai tinh tế, quý phái, kèm theo đó cửa gió cũng được thiết kế rộng hơn giúp thổi gió xa hơn mát lạnh nhanh hơn. Công nghệ Inverter...', 'http://bizweb.dktcdn.net/thumb/large/100/304/529/products/may-lanh-sharp-ah-a25uew-1-org.jpg?v=1522674848363', 7.8, 19, 100, '2018-07-10 03:12:05', '2022-01-06 08:02:50');
insert into product (name, code, title, summary, description, img_link, price, discount, quantity, created_date, modified_date)
values ('Máy lạnh Samsung Inverter 1 HP AR10NVFHGWKNSV', 'S7224XB', 'Samsung', '1', 'Với thiết kế nhỏ gọn, vẻ ngoài màu trắng tinh tế, máy lạnh Samsung Inverter 1 HP AR10NVFHGWKNSV sẽ mang đến vẻ đẹp thanh lịch cho không gian phòng ốc nhà bạn. Máy có công suất làm lạnh là 1 HP, thích hợp cho khoảng không gian vừa và nhỏ (dưới 15m2) như phòng ngủ, phòng làm việc,...', 'https://bizweb.dktcdn.net/100/304/529/products/may-lanh-samsung-ar10nvfhgwknsv-1-org.jpg?v=1522674505833', 9.5, 18, 100, '2018-08-23 21:37:47', '2022-01-06 08:02:50');
insert into product (name, code, title, summary, description, img_link, price, discount, quantity, created_date, modified_date)
values ('Máy lạnh Toshiba Inverter 1 HP RAS-H10DKCVG-V', 'S7224XB', 'Toshiba', '1', 'Thương hiệu máy lạnh gần gũi với người tiêu dùng Việt, Tosiba thiết kế dòng máy lạnh Toshiba Inverter 1 HP RAS-H10DKCVG-V với kiểu dáng nhỏ gọn, công suất 1 HP phù hợp cho những không gian phòng ngủ hoặc phòng khách có diện tích 15 m2 đổ lại. Tiết kiệm điện năng tối ưu,...', 'http://bizweb.dktcdn.net/thumb/large/100/304/529/products/may-lanh-toshiba-ras-h10dkcvg-v-1-org-fa5ffecd-fe7e-4468-930e-7981e67cf12b.jpg?v=1526179729240', 12.0, 18, 100, '2019-01-09 19:19:51', '2022-01-06 08:02:50');
insert into product (name, code, title, summary, description, img_link, price, discount, quantity, created_date, modified_date)
values ('Máy lạnh Panasonic Inverter 1 HP CU/CS-PU9UKH-8', 'S7224XB', 'Panasonic', '1', 'Sản phẩm máy lạnh Panasonic Inverter 1 HP CU/CS-PU9UKH-8 thuộc dòng máy lạnh Inverter tiêu chuẩn 2018 của Panasonic, được khoát lên mình màu trắng ánh ngọc trai tinh tế, quý phái, kèm theo đó cửa gió cũng được thiết kế rộng hơn giúp thổi gió xa hơn mát lạnh nhanh hơn. Công nghệ Inverter...', 'http://bizweb.dktcdn.net/thumb/large/100/304/529/products/panasonic-cu-cs-pu9ukh-8-1-1-org-5ff57c6f-97f7-4e87-ad05-4b1a99859935.jpg?v=1526179558433', 12.6, 22, 100, '2018-04-15 07:41:40', '2022-01-06 08:02:50');
insert into product (name, code, title, summary, description, img_link, price, discount, quantity, created_date, modified_date)
values ('Máy lạnh Daikin Inverter 1 HP FTKQ25SVMV', 'S7224XB', 'Daikin', '1', 'Với thiết kế nhỏ gọn, vẻ ngoài màu trắng tinh tế, máy lạnh Daikin Inverter 1 HP FTKQ25SVMV sẽ mang đến vẻ đẹp thanh lịch cho không gian phòng ốc nhà bạn. Máy có công suất làm lạnh là 1 HP, thích hợp cho khoảng không gian vừa và nhỏ (dưới 15m2) như phòng ngủ, phòng làm việc,...', 'http://bizweb.dktcdn.net/thumb/large/100/304/529/products/may-lanh-daikin-ftkq25svmv-1-org.jpg?v=1526179414280', 13.5, 13, 100, '2018-07-31 15:07:01', '2022-01-06 08:02:50');
insert into product (name, code, title, summary, description, img_link, price, discount, quantity, created_date, modified_date)
values ('Máy lạnh Sharp 1 HP AH-A25UEW', 'S7224XB', 'Sharp', '1', 'Sản phẩm máy lạnh Sharp 1 HP AH-A25UEW thuộc dòng máy lạnh Inverter tiêu chuẩn 2018 của Sharp, được khoát lên mình màu trắng ánh ngọc trai tinh tế, quý phái, kèm theo đó cửa gió cũng được thiết kế rộng hơn giúp thổi gió xa hơn mát lạnh nhanh hơn. Công nghệ Inverter...', 'http://bizweb.dktcdn.net/thumb/large/100/304/529/products/may-lanh-sharp-ah-a25uew-1-org.jpg?v=1522674848363', 10.1, 12, 100, '2019-06-09 10:46:35', '2022-01-06 08:02:50');
insert into product (name, code, title, summary, description, img_link, price, discount, quantity, created_date, modified_date)
values ('Máy lạnh Samsung Inverter 1 HP AR10NVFHGWKNSV', 'S7224XB', 'Samsung', '1', 'Với thiết kế nhỏ gọn, vẻ ngoài màu trắng tinh tế, máy lạnh Samsung Inverter 1 HP AR10NVFHGWKNSV sẽ mang đến vẻ đẹp thanh lịch cho không gian phòng ốc nhà bạn. Máy có công suất làm lạnh là 1 HP, thích hợp cho khoảng không gian vừa và nhỏ (dưới 15m2) như phòng ngủ, phòng làm việc,...', 'https://bizweb.dktcdn.net/100/304/529/products/may-lanh-samsung-ar10nvfhgwknsv-1-org.jpg?v=1522674505833', 10.5, 12, 100, '2019-02-25 07:58:30', '2022-01-06 08:02:50');
insert into product (name, code, title, summary, description, img_link, price, discount, quantity, created_date, modified_date)
values ('Internet Tivi Sony 43 inch KDL-43W750E', 'S7224XB', 'Sony', '2', 'Thiết kế sang trọng, cao cấp Internet Tivi Sony 43 inch KDL-43W750E sở hữu thiết kế viền màn hình mỏng ấn tượng, tạo nên cảm giác mạnh mẽ, hiện đại. Tivi còn được trang bị chân đế nhỏ gọn tinh tế nhưng vẫn không kém phần vững chãi, nhờ đó giúp tivi...', 'http://bizweb.dktcdn.net/thumb/large/100/304/529/products/tivisonykdl43w750e12org.jpg', 16, 22, 100, '2017-09-05 05:01:41', '2022-01-06 08:02:50');
insert into product (name, code, title, summary, description, img_link, price, discount, quantity, created_date, modified_date)
values ('Android Tivi Sony 4K 43 inch KD-43X7500E', 'S7224XB', 'Sony', '2', 'Thiết kế mỏng ấn tượng Smart Tivi Sony 4K 43 inch KD-43X7500E sở hữu kiểu dáng tinh tế, thời trang cùng với kích thước màn hình rộng 43 inch, kết hợp khung viền chắc chắn, sắc sảo và tông màu đen quý phái. Trải nghiệm hình ảnh rõ ràng, chân thật Không chỉ...', 'https://bizweb.dktcdn.net/thumb/large/100/304/529/products/tivisonykd43x7500e1org.jpg?v=1522678737737', 22, 31, 100, '2018-06-26 20:25:37', '2022-01-06 08:02:50');
insert into product (name, code, title, summary, description, img_link, price, discount, quantity, created_date, modified_date)
values ('Smart Tivi Samsung 43 inch UA43K5310', 'S7224XB', 'Samsung', '2', 'Thiết kế theo phong cách Joiii: mới lạ, trẻ trung và độc đáo Chân đế tivi có thể dễ dàng tháo rời và thay đổi để tạo ra 2 dáng khác nhau tuỳ sở thích của bạn. Smart tivi Samsung giao diện thân thiện, nhiều ứng dụng giải trí đặc sắc Giao diện Tizen của...', 'https://bizweb.dktcdn.net/thumb/large/100/304/529/products/tivisamsungua43k5310114org.jpg?v=1522678731897', 34, 20, 100, '2019-02-15 13:23:25', '2022-01-06 08:02:50');
insert into product (name, code, title, summary, description, img_link, price, discount, quantity, created_date, modified_date)
values ('Smart Tivi Samsung 43 inch UA43M5500', 'S7224XB', 'Samsung', '2', 'Thiết kế tinh tế, hiện đại Smart Tivi Samsung 43 inch UA43M5500 có thiết kế khá tinh tế và hiện đại, giúp làm sống động cho căn nhà của bạn. Độ phân giải màn hình Full HD Tivi Samsung sở hữu độ phân giải màn hình Full HD giúp bạn trải nghiệm nội...', 'https://bizweb.dktcdn.net/thumb/large/100/304/529/products/tivisamsungua43m55001org.jpg?v=1522678729207', 16, 32, 100, '2017-11-19 12:57:46', '2022-01-06 08:02:50');
insert into product (name, code, title, summary, description, img_link, price, discount, quantity, created_date, modified_date)
values ('Smart Tivi LG 32 inch 32LJ571D', 'S7224XB', 'LG', '2', 'Thiết kế mượt mà, tinh tế Thiết kế mượt mà cùng màu xám nổi bật của Smart Tivi LG 32 inch 32LJ571D mang đến sự tinh tế, sang trọng cho ngôi nhà của bạn. Khả năng xử lý hình ảnh mạnh mẽ Thế hệ tivi LG mới với khả năng xử lý hình...', 'https://bizweb.dktcdn.net/thumb/large/100/304/529/products/tivilg32lj571d11org.jpg?v=1522678727813', 9.4, 26, 100, '2017-12-25 03:32:04', '2022-01-06 08:02:50');
insert into product (name, code, title, summary, description, img_link, price, discount, quantity, created_date, modified_date)
values ('Internet Tivi Samsung 49 inch UA49J5200', 'S7224XB', 'Samsung', '2', 'Thiết kế mỏng, tinh tế và chân đế độc đáo, chắc chắn Hình ảnh Full HD rực rỡ nhờ công nghệ Wide Color Enhancer Plus mang đến hệ màu mở rộng hơn Ngoài ra, tivi còn được trang bị chế độ bóng đá Soccer Mode để tối ưu hình ảnh, âm thanh, tăng thêm...', 'https://bizweb.dktcdn.net/thumb/1024x1024/100/304/529/products/tivisamsung49inchua49j520014or.jpg?v=1522678761387', 16.8, 21, 100, '2018-10-08 11:20:58', '2022-01-06 08:02:50');
insert into product (name, code, title, summary, description, img_link, price, discount, quantity, created_date, modified_date)
values ('Android Tivi Sony 4K 49 inch KD-49X7500E', 'S7224XB', 'Sony', '2', 'Thiết kế mỏng ấn tượng Smart Tivi Sony 4K 49 inch KD-49X7500E sở hữu kiểu dáng tinh tế, thời trang cùng với kích thước màn hình rộng 49 inch, kết hợp khung viền chắc chắn, sắc sảo và tông màu đen quý phái. Trải nghiệm hình ảnh rõ ràng, chân thật Không chỉ...', 'https://bizweb.dktcdn.net/thumb/large/100/304/529/products/tivisonykd49x7500e1org.jpg?v=1522678713450', 22, 10, 100, '2017-08-14 22:38:49', '2022-01-06 08:02:50');
insert into product (name, code, title, summary, description, img_link, price, discount, quantity, created_date, modified_date)
-- values ('Smart Tivi QLED Samsung 65 inch QA65Q9F', 'S7224XB', 'Samsung', '2', 'Thiết kế theo phong cách Joiii: mới lạ, trẻ trung và độc đáo Chân đế tivi có thể dễ dàng tháo rời và thay đổi để tạo ra 2 dáng khác nhau tuỳ sở thích của bạn. Smart tivi Samsung giao diện thân thiện, nhiều ứng dụng giải trí đặc sắc Giao diện Tizen của...', 'https://bizweb.dktcdn.net/thumb/large/100/304/529/products/tivi-samsung-qa65q9f-1-org.jpg?v=1522676040707', 110, 9, 100, '2018-08-12 09:10:50', '2022-01-06 08:02:50');
-- insert into product (name, code, title, summary, description, img_link, price, discount, quantity, created_date, modified_date)
values ('Internet Tivi Sony 4K 55 inch KD-55X7000E', 'S7224XB', 'Sony', '2', 'Thiết kế mỏng, kiểu dáng hiện đại Internet Tivi Sony 4K 55 inch KD-55X7000E sở hữu thiết kế mỏng, kiểu dáng hiện đại, sẽ làm cho căn phòng của bạn thêm phần tinh tế. Độ phân giải 4K kết hợp cùng HDR mang đến hình ảnh rõ nét, tăng độ sâu Nhờ có...', 'https://bizweb.dktcdn.net/thumb/large/100/304/529/products/tivi-sony-kd-55x7000e-1-org.jpg?v=1522675845733', 22, 9, 100, '2019-07-10 03:53:24', '2022-01-06 08:02:50');
insert into product (name, code, title, summary, description, img_link, price, discount, quantity, created_date, modified_date)
values ('Smart Tivi LG 4K 43 inch 43UJ633T', 'S7224XB', 'LG', '2', 'Kiểu dáng hiện đại, sang trọng Smart Tivi LG 4K 43 inch 43UJ633T ra mắt với thiết kế hiện đại cùng tông màu đen sang trọng, lịch lãm. Chân đế tivi hình chữ V úp ngược thanh mảnh nhưng không kém phần vững chắc giúp tivi LG 43 inch có thể trụ vững trên nhiều dạng mặt...', 'https://bizweb.dktcdn.net/thumb/large/100/304/529/products/lg-43uj633t-1-1-org.jpg?v=1522675709577', 11, 4, 100, '2019-05-04 17:27:39', '2022-01-06 08:02:50');
insert into product (name, code, title, summary, description, img_link, price, discount, quantity, created_date, modified_date)
values ('Smart Tivi Samsung 4K 43 inch UA43MU6400', 'S7224XB', 'Samsung', '2', 'Thiết kế tinh tế, sang trọng Smart Tivi Samsung 4K 43 inch UA43MU6400 là chiếc Smart tivi vừa được Samsung ra mắt trong năm 2017. Chiếc tivi Samsung này dễ dàng hấp dẫn người dùng ngay từ cái nhìn đầu tiên bởi thiết kế sang trọng, đẹp mắt và tinh tế. Thiết kế mỏng, chân đế sang...', 'https://bizweb.dktcdn.net/thumb/1024x1024/100/304/529/products/tivi-samsung-ua43mu6400-1-1-org.jpg?v=1522675592440', 14.6, 5, 100, '2017-05-02 03:27:34', '2022-01-06 08:02:50');
insert into product (name, code, title, summary, description, img_link, price, discount, quantity, created_date, modified_date)
values ('Android Tivi Sony 43 inch KD-43X8000E', 'S7224XB', 'Sony', '2', 'Thiết kế ấn tượng với màn hình mỏng Đặc biệt, phía sau chiếc tivi Sony này, hãng đã tinh tế trang bị thêm không gian để bạn "giấu" các dây cáp kết nối một cách gọn gàng và thẩm mỹ. Kích thước tivi Sony 43 inch rộng rãi, phù hợp với nhiều không gian bố trí trong...', 'https://bizweb.dktcdn.net/thumb/large/100/304/529/products/tivi-sony-kd-43x8000e-1-10-org.jpg?v=1522675421647', 11, 4, 100, '2019-02-08 01:33:54', '2022-01-06 08:02:50');
insert into product (name, code, title, summary, description, img_link, price, discount, quantity, created_date, modified_date)
values ('Máy sấy Electrolux 6.5 kg EDV6552', 'S7224XB', 'Electrolux', '3', 'Máy sấy Electrolux EDV6552 sở hữu thiết kế nhỏ gọn, chắc chắn cùng đường nét tinh tế, gam màu trắng trang nhã giúp tô điểm cho không gian nội thất hiện đại của gia đình bạn. Chiếc máy sấy Electrolux 6,5 kg này sẽ mang lại cho gia đình bạn những bộ quần áo khô ráo, thơm mát...', 'https://bizweb.dktcdn.net/100/304/529/products/may-say-quan-ao-electrolux-edv6552-4-org.jpg?v=1522677243847', 8.2, 3, 100, '2019-06-09 04:13:33', '2022-01-06 08:02:50');
insert into product (name, code, title, summary, description, img_link, price, discount, quantity, created_date, modified_date)
values ('Máy sấy Electrolux 7.5 kg EDS7552', 'S7224XB', 'Electrolux', '3', 'Sở hữu thiết kế nhỏ gọn nhưng không kém phần sang trọng, máy sấy Electrolux EDS7552 sẽ dễ dàng phù hợp với mọi kiểu không gian nội thất. Bạn có thể đặt máy sấy này ở cạnh máy giặt, treo tường hoặc đặt lên trên máy giặt cửa trước Electrolux, rất tiện để tiết kiệm diện tích...', 'https://bizweb.dktcdn.net/thumb/large/100/304/529/products/electrolux-eds7552-1-1-org.jpg?v=1522677128177', 10.9, 10, 100, '2018-01-31 03:14:05', '2022-01-06 08:02:50');
insert into product (name, code, title, summary, description, img_link, price, discount, quantity, created_date, modified_date)
values ('Máy giặt Electrolux Inverter 8 kg EWF12844S', 'Electrolux', 'LG', '3', 'Máy giặt lồng ngang có thiết kế cửa trước tiện dụng Với khối lượng giặt là 8 kg, máy giặt Electrolux EWF12844S giặt được một khối lượng lớn các quần áo bẩn trong ngày. Nếu gia đình bạn có từ 4 – 5 thành viên thì chiếc máy giặt này sẽ là sự lựa chọn rất đáng để...', 'https://bizweb.dktcdn.net/thumb/large/100/304/529/products/may-giat-electrolux-ewf12844s-org-1.jpg?v=1522677014383', 12.4, 3, 100, '2019-05-02 04:30:14', '2022-01-06 08:02:50');
insert into product (name, code, title, summary, description, img_link, price, discount, quantity, created_date, modified_date)
values ('Máy giặt Samsung AddWash Inverter 8 kg WW80K5233YW/SV', 'S7224XB', 'Samsung', '3', 'Máy giặt Samsung WW80K5233YW/SV sở hữu thiết kế tinh tế, nhỏ gọn vô cùng hiện đại, kết hợp cùng gam màu trắng sang trọng, giúp tạo điểm nhấn cho không gian nội thất ngôi nhà bạn. Đáp ứng được nhu cầu giặt giũ lớn, chiếc máy giặt Samsung 8 kg này sẽ là lựa chọn phù hợp cho những gia đình có 4 - 5 thành viên...', 'https://bizweb.dktcdn.net/thumb/large/100/304/529/products/may-giat-samsung-ww80k5233yw-sv-1-2-org.jpg?v=1522676905127', 10.4, 2, 100, '2017-09-27 12:54:24', '2022-01-06 08:02:50');
insert into product (name, code, title, summary, description, img_link, price, discount, quantity, created_date, modified_date)
values ('Máy giặt LG inverter 8 kg FC1408S4W2', 'S7224XB', 'LG', '3', 'Máy giặt LG FC1408S4W2 có thiết kế cửa trước hiện đại, sắc trắng trung tính sẽ làm nổi bật lên vẻ đẹp sang trọng cho không gian nội thất của gia đình. Hơn nữa với kiểu lồng giặt ngang, bạn sẽ không phải khom lưng quá nhiều để bỏ vào hoặc lấy quần áo ra khỏi máy, giúp bảo vệ cột sống của bạn...', 'https://bizweb.dktcdn.net/thumb/large/100/304/529/products/may-giat-lg-fc1408s4w2-org-1-org.jpg?v=1522676790010', 10.7, 9, 100, '2017-07-12 10:00:14', '2022-01-06 08:02:50');

-- category
 insert into category (id, name, content, created_date) values (1, 'Crown Victoria', 'Planar Nuclear Medicine Imaging of Chest using Gallium 67 (Ga-67)', '2018-05-07 11:33:54');
insert into category (id, name, content, created_date) values (2, 'Tundra', 'Measurement of Gastrointestinal Motility, Via Natural or Artificial Opening Endoscopic', '2015-06-19 19:00:02');
insert into category (id, name, content, created_date) values (3, 'SJ', 'Dilation of Left Axillary Vein with Intraluminal Device, Percutaneous Approach', '2016-08-11 09:14:33');
insert into category (id, name, content, created_date) values (4, 'Grand Caravan', 'Bypass Right Kidney Pelvis to Left Ureter with Synthetic Substitute, Percutaneous Endoscopic Approach', '2017-01-22 19:13:14');
insert into category (id, name, content, created_date) values (5, 'Quest', 'Supplement Right Middle Lobe Bronchus with Autologous Tissue Substitute, Open Approach', '2015-02-19 19:17:12');
insert into category (id, name, content, created_date) values (6, 'NSX', 'Insertion of Infusion Device into Left Foot, Percutaneous Approach', '2015-04-23 19:42:56');
insert into category (id, name, content, created_date) values (7, 'Navigator', 'Dilation of Right Eustachian Tube with Intraluminal Device, Via Natural or Artificial Opening Endoscopic', '2016-02-03 00:49:35');
insert into category (id, name, content, created_date) values (8, 'Virage', 'Occlusion of Left Foot Artery with Intraluminal Device, Percutaneous Endoscopic Approach', '2017-08-31 14:15:30');
insert into category (id, name, content, created_date) values (9, 'Caravan', 'Excision of Right Sternoclavicular Joint, Percutaneous Approach', '2016-03-19 04:15:11');
insert into category (id, name, content, created_date) values (10, 'Express 1500', 'Dilation of Right Vertebral Artery with Three Intraluminal Devices, Percutaneous Endoscopic Approach', '2017-09-22 06:28:19');
insert into category (id, name, content, created_date) values (11, 'Elantra', 'Resection of Right Clavicle, Open Approach', '2016-08-02 22:00:55');
insert into category (id, name, content, created_date) values (12, 'Corvette', 'Removal of Drainage Device from Penis, Open Approach', '2015-02-20 21:32:41');
insert into category (id, name, content, created_date) values (13, 'Taurus', 'Destruction of Left Temporomandibular Joint, Open Approach', '2017-03-10 22:42:36');
insert into category (id, name, content, created_date) values (14, 'M3', 'Repair Left Upper Leg Tendon, Percutaneous Endoscopic Approach', '2015-04-28 16:04:30');
insert into category (id, name, content, created_date) values (15, 'M-Class', 'Therapeutic Exercise Treatment of Integumentary System - Head and Neck using Mechanical or Electromechanical Equipment', '2015-10-16 22:06:11');
insert into category (id, name, content, created_date) values (16, 'Golf', 'Dilation of Gastric Artery, Bifurcation, with Four or More Intraluminal Devices, Open Approach', '2018-02-03 02:28:12');
insert into category (id, name, content, created_date) values (17, 'Dakota Club', 'Repair Bilateral Testes, Open Approach', '2017-12-07 09:13:55');
insert into category (id, name, content, created_date) values (18, 'Safari', 'Excision of Duodenum, Via Natural or Artificial Opening Endoscopic, Diagnostic', '2016-03-12 03:24:49');
insert into category (id, name, content, created_date) values (19, 'Cabriolet', 'Bypass Right Ureter to Bladder with Nonautologous Tissue Substitute, Percutaneous Endoscopic Approach', '2017-03-10 03:51:33');
insert into category (id, name, content, created_date) values (20, 'E-Series', 'Revision of Drainage Device in Prostate and Seminal Vesicles, Percutaneous Approach', '2017-05-13 22:33:41');
insert into category (id, name, content, created_date) values (21, 'GS', 'Revision of Intraluminal Device in Right Ear, Via Natural or Artificial Opening Endoscopic', '2016-06-28 20:02:05');
insert into category (id, name, content, created_date) values (22, 'Rapide', 'Insertion of Internal Fixation Device into Right Metacarpal, Open Approach', '2016-09-20 02:29:38');
insert into category (id, name, content, created_date) values (23, 'Familia', 'Revision of External Fixation Device in Left Metatarsal-Phalangeal Joint, Open Approach', '2016-11-18 02:30:45');
insert into category (id, name, content, created_date) values (24, 'Tribute', 'Supplement Left Ulnar Artery with Nonautologous Tissue Substitute, Percutaneous Approach', '2017-01-24 19:57:56');
insert into category (id, name, content, created_date) values (25, 'Accord', 'Destruction of Left Lower Arm Skin, External Approach', '2016-03-15 15:29:02');
insert into category (id, name, content, created_date) values (26, 'Camaro', 'High Dose Rate (HDR) Brachytherapy of Uterus using Californium 252 (Cf-252)', '2015-08-26 17:32:29');
insert into category (id, name, content, created_date) values (27, 'Relay', 'Destruction of Pudendal Nerve, Percutaneous Endoscopic Approach', '2016-09-16 18:22:05');
insert into category (id, name, content, created_date) values (28, 'Camry', 'Drainage of Parathyroid Gland, Percutaneous Endoscopic Approach', '2016-11-11 04:26:47');
insert into category (id, name, content, created_date) values (29, 'Econoline E150', 'Replacement of Left Axillary Vein with Synthetic Substitute, Open Approach', '2017-06-02 11:59:55');
insert into category (id, name, content, created_date) values (30, 'Prelude', 'Reposition Right Lower Femur with Internal Fixation Device, Percutaneous Endoscopic Approach', '2017-11-07 23:23:19');
insert into category (id, name, content, created_date) values (31, 'Topaz', 'Release Splenic Artery, Percutaneous Approach', '2017-12-25 15:19:53');
insert into category (id, name, content, created_date) values (32, 'Routan', 'Occlusion of Sigmoid Colon with Intraluminal Device, Via Natural or Artificial Opening', '2016-03-27 01:36:10');
insert into category (id, name, content, created_date) values (33, 'Accord', 'Resection of Left Upper Arm Muscle, Open Approach', '2015-10-15 19:05:55');
insert into category (id, name, content, created_date) values (34, 'Santa Fe', 'Supplement Right Lower Extremity Bursa and Ligament with Synthetic Substitute, Open Approach', '2016-01-25 15:39:30');
insert into category (id, name, content, created_date) values (35, 'Aurora', 'Removal of Reservoir from Trunk Subcutaneous Tissue and Fascia, Open Approach', '2016-02-12 14:50:12');
insert into category (id, name, content, created_date) values (36, 'Sprinter 2500', 'Bypass Bilateral Vas Deferens to Left Epididymis with Nonautologous Tissue Substitute, Percutaneous Endoscopic Approach', '2018-02-16 14:40:37');
insert into category (id, name, content, created_date) values (37, 'Cobalt', 'Insertion of Intraluminal Device into Left Lesser Saphenous Vein, Percutaneous Endoscopic Approach', '2015-05-25 04:59:48');
insert into category (id, name, content, created_date) values (38, 'F-Series', 'Bypass Transverse Colon to Rectum with Nonautologous Tissue Substitute, Via Natural or Artificial Opening Endoscopic', '2017-11-09 21:21:53');
insert into category (id, name, content, created_date) values (39, 'QX', 'Therapeutic Exercise Treatment of Neurological System - Lower Back / Lower Extremity using Prosthesis', '2016-07-04 17:33:11');
insert into category (id, name, content, created_date) values (40, 'Yukon', 'Revision of Drainage Device in Lower Intestinal Tract, Percutaneous Approach', '2015-02-02 18:42:35');
insert into category (id, name, content, created_date) values (41, 'Borrego', 'Restriction of Left Inguinal Lymphatic with Extraluminal Device, Open Approach', '2017-02-07 13:58:54');
insert into category (id, name, content, created_date) values (42, 'Firebird', 'Removal of Infusion Device from Right Wrist Joint, Percutaneous Endoscopic Approach', '2015-03-05 14:31:14');
insert into category (id, name, content, created_date) values (43, 'Courier', 'Drainage of Right Ankle Bursa and Ligament, Open Approach, Diagnostic', '2016-07-07 22:21:24');
insert into category (id, name, content, created_date) values (44, 'Tribute', 'Supplement Left Patella with Synthetic Substitute, Open Approach', '2015-02-09 02:52:59');
insert into category (id, name, content, created_date) values (45, 'Navigator', 'Supplement Left Subclavian Vein with Synthetic Substitute, Open Approach', '2016-11-14 11:14:08');
insert into category (id, name, content, created_date) values (46, '100', 'Removal of Autologous Tissue Substitute from Left Thumb Phalanx, Percutaneous Endoscopic Approach', '2016-09-01 19:46:33');
insert into category (id, name, content, created_date) values (47, 'Bronco II', 'Repair Left Metacarpocarpal Joint, Percutaneous Approach', '2016-04-14 04:07:15');
insert into category (id, name, content, created_date) values (48, 'X3', 'Reposition Right Metacarpal, Percutaneous Approach', '2017-02-18 09:06:16');
insert into category (id, name, content, created_date) values (49, 'Corvette', 'Drainage of Left Hand Tendon, Percutaneous Endoscopic Approach, Diagnostic', '2016-08-05 14:14:08');
insert into category (id, name, content, created_date) values (50, 'Ram 1500', 'Revision of Nonautologous Tissue Substitute in Left Lower Extremity, External Approach', '2015-09-18 08:20:47');
insert into category (id, name, content, created_date) values (51, 'GTI', 'Bypass Left External Jugular Vein to Upper Vein with Autologous Tissue Substitute, Open Approach', '2015-11-05 22:44:57');
insert into category (id, name, content, created_date) values (52, 'Avalon', 'Repair Left Temporal Artery, Percutaneous Approach', '2016-09-14 00:45:56');
insert into category (id, name, content, created_date) values (53, 'Hombre', 'Supplement Left Shoulder Muscle with Synthetic Substitute, Open Approach', '2017-01-20 11:16:55');
insert into category (id, name, content, created_date) values (54, 'A6', 'Dilation of Hepatic Artery with Two Intraluminal Devices, Open Approach', '2018-03-18 03:01:28');
insert into category (id, name, content, created_date) values (55, 'TSX', 'Drainage of Right Pleura with Drainage Device, Open Approach', '2016-03-09 11:20:59');
insert into category (id, name, content, created_date) values (56, 'Relay', 'Monitoring of Arterial Flow, Peripheral, Open Approach', '2016-05-14 23:38:44');
insert into category (id, name, content, created_date) values (57, 'Sidekick', 'Drainage of Right External Iliac Vein with Drainage Device, Percutaneous Approach', '2018-04-01 10:40:42');
insert into category (id, name, content, created_date) values (58, 'Passport', 'Drainage of Azygos Vein, Percutaneous Endoscopic Approach, Diagnostic', '2017-08-26 01:04:51');
insert into category (id, name, content, created_date) values (59, 'CL', 'Bypass Right External Iliac Artery to Left Femoral Artery with Autologous Arterial Tissue, Open Approach', '2017-04-17 03:18:42');
insert into category (id, name, content, created_date) values (60, 'Pilot', 'Hyperthermia of Rectum', '2017-01-08 13:53:37');
insert into category (id, name, content, created_date) values (61, 'MDX', 'Stereotactic Gamma Beam Radiosurgery of Duodenum', '2018-03-14 06:11:51');
insert into category (id, name, content, created_date) values (62, 'Colorado', 'Revision of Synthetic Substitute in Lymphatic, Percutaneous Endoscopic Approach', '2015-05-29 05:16:35');
insert into category (id, name, content, created_date) values (63, 'Diamante', 'Insertion of Infusion Device into Intracranial Vein, Percutaneous Endoscopic Approach', '2018-04-21 05:17:16');
insert into category (id, name, content, created_date) values (64, 'Regal', 'Alteration of Left Lower Arm with Autologous Tissue Substitute, Percutaneous Endoscopic Approach', '2017-09-30 00:16:46');
insert into category (id, name, content, created_date) values (65, 'Avanti', 'Drainage of Right Femoral Vein with Drainage Device, Percutaneous Approach', '2015-10-14 18:24:16');
insert into category (id, name, content, created_date) values (66, 'Bonneville', 'Drainage of Cerebral Hemisphere with Drainage Device, Open Approach', '2015-10-06 06:37:44');
insert into category (id, name, content, created_date) values (67, 'M3', 'Extraction of Left Greater Saphenous Vein, Percutaneous Endoscopic Approach', '2015-12-07 08:22:24');
insert into category (id, name, content, created_date) values (68, 'Outback', 'Reposition Right Superior Parathyroid Gland, Open Approach', '2015-06-10 14:23:38');
insert into category (id, name, content, created_date) values (69, 'LeBaron', 'Beam Radiation of Soft Palate using Photons >10 MeV', '2016-08-09 15:02:34');
insert into category (id, name, content, created_date) values (70, 'SLR McLaren', 'Supplement Right Ankle Region with Nonautologous Tissue Substitute, Open Approach', '2015-07-14 18:48:36');
insert into category (id, name, content, created_date) values (71, 'Landaulet', 'Extraction of Ova, Percutaneous', '2016-11-20 17:18:02');
insert into category (id, name, content, created_date) values (72, 'Classic', 'Occlusion of Superior Mesenteric Vein with Intraluminal Device, Percutaneous Endoscopic Approach', '2016-12-09 07:33:18');
insert into category (id, name, content, created_date) values (73, 'GTO', 'Fusion of Occipital-cervical Joint with Interbody Fusion Device, Posterior Approach, Anterior Column, Percutaneous Approach', '2018-03-02 14:04:43');
insert into category (id, name, content, created_date) values (74, '7 Series', 'Occlusion of Jejunum, Open Approach', '2017-12-17 01:39:59');
insert into category (id, name, content, created_date) values (75, 'New Beetle', 'Drainage of Left External Auditory Canal, Percutaneous Endoscopic Approach, Diagnostic', '2016-12-25 16:38:28');
insert into category (id, name, content, created_date) values (76, 'Lucerne', 'Insertion of Contraceptive Device into Right Lower Arm Subcutaneous Tissue and Fascia, Percutaneous Approach', '2016-08-05 17:18:22');
insert into category (id, name, content, created_date) values (77, 'Cooper', 'Revision of Intraluminal Device in Upper Vein, Percutaneous Approach', '2015-11-30 16:42:33');
insert into category (id, name, content, created_date) values (78, 'MX-5', 'Change Intermittent Pressure Device on Head', '2017-12-30 06:53:55');
insert into category (id, name, content, created_date) values (79, '7 Series', 'Bypass Right Ventricle to Pulmonary Trunk with Autologous Venous Tissue, Open Approach', '2017-09-15 02:20:47');
insert into category (id, name, content, created_date) values (80, 'S-Class', 'Revision of External Fixation Device in Left Finger Phalanx, External Approach', '2015-08-16 05:55:27');
insert into category (id, name, content, created_date) values (81, 'Town Car', 'Bypass Left Hypogastric Vein to Lower Vein with Synthetic Substitute, Open Approach', '2015-04-27 09:26:48');
insert into category (id, name, content, created_date) values (82, 'S-Class', 'Dilation of Intracranial Artery, Bifurcation, Percutaneous Approach', '2015-06-09 18:53:44');
insert into category (id, name, content, created_date) values (83, 'Chariot', 'Division of Thoracic Sympathetic Nerve, Percutaneous Approach', '2017-01-13 02:04:35');
insert into category (id, name, content, created_date) values (84, 'Eos', 'Excision of Right Adrenal Gland, Open Approach, Diagnostic', '2015-04-13 16:31:05');
insert into category (id, name, content, created_date) values (85, 'Capri', 'Removal of Synthetic Substitute from Right Ear, Via Natural or Artificial Opening', '2018-04-30 03:29:57');
insert into category (id, name, content, created_date) values (86, 'Gallardo', 'Insertion of Spacer into Left Metatarsal-Tarsal Joint, Percutaneous Endoscopic Approach', '2017-11-07 08:41:12');
insert into category (id, name, content, created_date) values (87, 'Corvette', 'Reposition Left Lower Femur with Monoplanar External Fixation Device, Percutaneous Endoscopic Approach', '2015-08-10 21:01:32');
insert into category (id, name, content, created_date) values (88, 'Tacoma', 'Ultrasonography of Superior Vena Cava, Guidance', '2015-10-11 19:09:09');
insert into category (id, name, content, created_date) values (89, 'Suburban 2500', 'Dilation of Abdominal Aorta, Bifurcation, with Three Intraluminal Devices, Percutaneous Approach', '2016-11-01 19:20:44');
insert into category (id, name, content, created_date) values (90, 'Escalade EXT', 'Destruction of Right Popliteal Artery, Percutaneous Endoscopic Approach', '2015-11-15 05:59:25');
insert into category (id, name, content, created_date) values (91, 'Boxster', 'Dilation of Right Femoral Artery with Intraluminal Device, Percutaneous Approach', '2017-11-20 06:11:53');
insert into category (id, name, content, created_date) values (92, 'Savana 2500', 'Destruction of Right Femoral Artery, Percutaneous Endoscopic Approach', '2017-12-15 08:26:01');
insert into category (id, name, content, created_date) values (93, 'Legend', 'Revision of Synthetic Substitute in Lumbar Vertebral Joint, Percutaneous Approach', '2018-01-26 06:21:57');
insert into category (id, name, content, created_date) values (94, 'Ram 1500', 'Measurement of Respiratory Capacity, External Approach', '2018-02-10 21:11:59');
insert into category (id, name, content, created_date) values (95, 'H2', 'Release Uvula, Percutaneous Approach', '2016-03-06 14:44:57');
insert into category (id, name, content, created_date) values (96, 'New Beetle', 'Dilation of Right Internal Carotid Artery with Four or More Drug-eluting Intraluminal Devices, Percutaneous Approach', '2015-08-12 03:57:34');
insert into category (id, name, content, created_date) values (97, 'Grand Prix', 'Replacement of Buttock Skin with Nonautologous Tissue Substitute, Partial Thickness, External Approach', '2015-12-31 02:17:06');
insert into category (id, name, content, created_date) values (98, 'Prius Plug-in', 'Extirpation of Matter from Left Sternoclavicular Joint, Percutaneous Approach', '2015-08-29 05:21:39');
insert into category (id, name, content, created_date) values (99, 'T100 Xtra', 'Removal of Autologous Tissue Substitute from Right Patella, Open Approach', '2015-09-11 18:05:17');
insert into category (id, name, content, created_date) values (100, 'Crown Victoria', 'Removal of Extraluminal Device from Hepatobiliary Duct, Percutaneous Endoscopic Approach', '2016-04-20 05:33:13');

-- productCategory
insert into productCategory (product_id, category_id) values (7, 85);
insert into productCategory (product_id, category_id) values (40, 89);
insert into productCategory (product_id, category_id) values (39, 23);
insert into productCategory (product_id, category_id) values (42, 98);
insert into productCategory (product_id, category_id) values (87, 17);
insert into productCategory (product_id, category_id) values (91, 63);
insert into productCategory (product_id, category_id) values (76, 72);
insert into productCategory (product_id, category_id) values (72, 42);
insert into productCategory (product_id, category_id) values (44, 8);
insert into productCategory (product_id, category_id) values (78, 42);
insert into productCategory (product_id, category_id) values (45, 99);
insert into productCategory (product_id, category_id) values (9, 56);
insert into productCategory (product_id, category_id) values (13, 28);
insert into productCategory (product_id, category_id) values (61, 38);
insert into productCategory (product_id, category_id) values (81, 68);
insert into productCategory (product_id, category_id) values (31, 76);
insert into productCategory (product_id, category_id) values (17, 67);
insert into productCategory (product_id, category_id) values (95, 84);
insert into productCategory (product_id, category_id) values (33, 25);
insert into productCategory (product_id, category_id) values (20, 38);
insert into productCategory (product_id, category_id) values (66, 11);
insert into productCategory (product_id, category_id) values (64, 5);
insert into productCategory (product_id, category_id) values (45, 49);
insert into productCategory (product_id, category_id) values (61, 91);
insert into productCategory (product_id, category_id) values (84, 96);
insert into productCategory (product_id, category_id) values (85, 43);
insert into productCategory (product_id, category_id) values (15, 96);
insert into productCategory (product_id, category_id) values (97, 2);
insert into productCategory (product_id, category_id) values (4, 42);
insert into productCategory (product_id, category_id) values (74, 55);
insert into productCategory (product_id, category_id) values (11, 99);
insert into productCategory (product_id, category_id) values (53, 7);
insert into productCategory (product_id, category_id) values (16, 8);
insert into productCategory (product_id, category_id) values (26, 66);
insert into productCategory (product_id, category_id) values (29, 98);
insert into productCategory (product_id, category_id) values (78, 25);
insert into productCategory (product_id, category_id) values (9, 72);
insert into productCategory (product_id, category_id) values (95, 99);
insert into productCategory (product_id, category_id) values (69, 52);
insert into productCategory (product_id, category_id) values (49, 45);
insert into productCategory (product_id, category_id) values (8, 27);
insert into productCategory (product_id, category_id) values (83, 58);
insert into productCategory (product_id, category_id) values (9, 22);
insert into productCategory (product_id, category_id) values (44, 59);
insert into productCategory (product_id, category_id) values (46, 35);
insert into productCategory (product_id, category_id) values (28, 74);
insert into productCategory (product_id, category_id) values (60, 88);
insert into productCategory (product_id, category_id) values (44, 3);
insert into productCategory (product_id, category_id) values (69, 95);
insert into productCategory (product_id, category_id) values (22, 22);
insert into productCategory (product_id, category_id) values (18, 85);
insert into productCategory (product_id, category_id) values (39, 3);
insert into productCategory (product_id, category_id) values (86, 2);
insert into productCategory (product_id, category_id) values (79, 51);
insert into productCategory (product_id, category_id) values (70, 13);
insert into productCategory (product_id, category_id) values (43, 53);
insert into productCategory (product_id, category_id) values (19, 52);
insert into productCategory (product_id, category_id) values (67, 1);
insert into productCategory (product_id, category_id) values (47, 75);
insert into productCategory (product_id, category_id) values (21, 37);
insert into productCategory (product_id, category_id) values (36, 88);
insert into productCategory (product_id, category_id) values (91, 13);
insert into productCategory (product_id, category_id) values (16, 77);
insert into productCategory (product_id, category_id) values (20, 57);
insert into productCategory (product_id, category_id) values (47, 8);
insert into productCategory (product_id, category_id) values (41, 29);
insert into productCategory (product_id, category_id) values (86, 18);
insert into productCategory (product_id, category_id) values (10, 99);
insert into productCategory (product_id, category_id) values (10, 62);
insert into productCategory (product_id, category_id) values (80, 31);
insert into productCategory (product_id, category_id) values (24, 8);
insert into productCategory (product_id, category_id) values (73, 41);
insert into productCategory (product_id, category_id) values (4, 59);
insert into productCategory (product_id, category_id) values (37, 13);
insert into productCategory (product_id, category_id) values (54, 71);
insert into productCategory (product_id, category_id) values (78, 1);
insert into productCategory (product_id, category_id) values (95, 87);
insert into productCategory (product_id, category_id) values (100, 17);
insert into productCategory (product_id, category_id) values (13, 36);
insert into productCategory (product_id, category_id) values (10, 14);
insert into productCategory (product_id, category_id) values (49, 68);
insert into productCategory (product_id, category_id) values (45, 83);
insert into productCategory (product_id, category_id) values (17, 34);
insert into productCategory (product_id, category_id) values (97, 77);
insert into productCategory (product_id, category_id) values (43, 6);
insert into productCategory (product_id, category_id) values (14, 77);
insert into productCategory (product_id, category_id) values (50, 10);
insert into productCategory (product_id, category_id) values (92, 81);
insert into productCategory (product_id, category_id) values (60, 5);
insert into productCategory (product_id, category_id) values (14, 82);
insert into productCategory (product_id, category_id) values (90, 3);
insert into productCategory (product_id, category_id) values (27, 23);
insert into productCategory (product_id, category_id) values (76, 41);
insert into productCategory (product_id, category_id) values (39, 66);
insert into productCategory (product_id, category_id) values (45, 97);
insert into productCategory (product_id, category_id) values (41, 74);
insert into productCategory (product_id, category_id) values (76, 17);
insert into productCategory (product_id, category_id) values (82, 6);
insert into productCategory (product_id, category_id) values (88, 69);
insert into productCategory (product_id, category_id) values (62, 84);


-- cartTable
insert into cartTable (id, user_id, status, total, created_date, modified_date) values (1, 48, 'Rejected', 36941411, '2019-04-10 14:16:13', '2021-12-23 11:40:41');
insert into cartTable (id, user_id, status, total, created_date, modified_date) values (2, 23, 'Rejected', 8723845, '2018-08-23 03:00:37', '2022-07-27 21:16:45');
insert into cartTable (id, user_id, status, total, created_date, modified_date) values (3, 39, 'Approved', 46005709, '2019-02-19 21:10:02', '2022-08-03 11:35:07');
insert into cartTable (id, user_id, status, total, created_date, modified_date) values (4, 16, 'Saved', 25276375, '2019-03-06 00:20:39', '2021-12-05 16:05:04');
insert into cartTable (id, user_id, status, total, created_date, modified_date) values (5, 49, 'Approved', 31502729, '2019-12-10 21:04:09', '2022-06-24 17:32:34');
insert into cartTable (id, user_id, status, total, created_date, modified_date) values (6, 66, 'Approved', 43443518, '2018-09-21 01:21:47', '2022-02-12 20:18:55');
insert into cartTable (id, user_id, status, total, created_date, modified_date) values (7, 42, 'Rejected', 14679592, '2019-08-11 03:50:10', '2021-10-06 08:13:06');
insert into cartTable (id, user_id, status, total, created_date, modified_date) values (8, 24, 'Approved', 8818054, '2018-05-20 20:43:52', '2021-12-20 23:09:58');
insert into cartTable (id, user_id, status, total, created_date, modified_date) values (9, 25, 'Approved', 42384292, '2018-10-11 06:30:32', '2022-06-20 07:34:24');
insert into cartTable (id, user_id, status, total, created_date, modified_date) values (10, 18, 'Rejected', 7372105, '2019-11-15 14:52:03', '2022-03-31 18:20:16');
insert into cartTable (id, user_id, status, total, created_date, modified_date) values (11, 51, 'Rejected', 12579543, '2018-06-17 19:52:15', '2022-02-03 08:19:34');
insert into cartTable (id, user_id, status, total, created_date, modified_date) values (12, 62, 'Approved', 29618450, '2018-12-13 06:35:25', '2022-03-18 06:20:18');
insert into cartTable (id, user_id, status, total, created_date, modified_date) values (13, 88, 'Approved', 30817615, '2019-05-15 19:47:49', '2022-03-10 01:01:05');
insert into cartTable (id, user_id, status, total, created_date, modified_date) values (14, 15, 'Approved', 10312472, '2019-05-19 09:57:20', '2021-12-10 07:36:02');
insert into cartTable (id, user_id, status, total, created_date, modified_date) values (15, 31, 'Approved', 18271789, '2018-06-08 13:13:29', '2022-08-04 01:43:37');
insert into cartTable (id, user_id, status, total, created_date, modified_date) values (16, 65, 'Rejected', 13780125, '2019-03-19 13:54:08', '2022-02-16 04:13:49');
insert into cartTable (id, user_id, status, total, created_date, modified_date) values (17, 46, 'Approved', 40117919, '2019-05-18 13:04:38', '2022-02-14 03:59:49');
insert into cartTable (id, user_id, status, total, created_date, modified_date) values (18, 82, 'Saved', 38072434, '2018-11-19 00:27:00', '2021-12-20 00:41:59');
insert into cartTable (id, user_id, status, total, created_date, modified_date) values (19, 54, 'Approved', 35516283, '2019-01-09 20:49:59', '2022-08-19 08:13:01');
insert into cartTable (id, user_id, status, total, created_date, modified_date) values (20, 16, 'Approved', 4504415, '2018-08-01 02:25:23', '2021-12-21 08:11:35');
insert into cartTable (id, user_id, status, total, created_date, modified_date) values (21, 42, 'Approved', 21213068, '2019-09-21 10:04:29', '2022-05-10 20:03:59');
insert into cartTable (id, user_id, status, total, created_date, modified_date) values (22, 36, 'Approved', 5795224, '2018-07-25 05:32:55', '2022-01-16 21:57:34');
insert into cartTable (id, user_id, status, total, created_date, modified_date) values (23, 33, 'Rejected', 47919387, '2019-01-26 10:43:49', '2021-09-06 00:19:40');
insert into cartTable (id, user_id, status, total, created_date, modified_date) values (24, 68, 'Saved', 43838439, '2019-04-20 05:37:13', '2022-01-07 14:21:18');
insert into cartTable (id, user_id, status, total, created_date, modified_date) values (25, 32, 'Rejected', 45797482, '2018-06-01 02:45:31', '2022-01-16 15:44:30');
insert into cartTable (id, user_id, status, total, created_date, modified_date) values (26, 16, 'Saved', 36580648, '2019-05-10 12:01:07', '2022-06-21 23:15:21');
insert into cartTable (id, user_id, status, total, created_date, modified_date) values (27, 1, 'Rejected', 16862685, '2018-08-25 17:39:19', '2022-04-26 02:32:47');
insert into cartTable (id, user_id, status, total, created_date, modified_date) values (28, 70, 'Rejected', 29952580, '2019-07-30 21:33:08', '2022-07-20 08:15:46');
insert into cartTable (id, user_id, status, total, created_date, modified_date) values (29, 56, 'Saved', 30244759, '2019-01-26 05:18:25', '2022-06-05 09:19:22');
insert into cartTable (id, user_id, status, total, created_date, modified_date) values (30, 15, 'Saved', 47172378, '2019-04-13 06:24:51', '2021-09-14 04:10:59');
insert into cartTable (id, user_id, status, total, created_date, modified_date) values (31, 59, 'Saved', 8644824, '2018-12-22 08:01:59', '2022-06-01 08:48:36');
insert into cartTable (id, user_id, status, total, created_date, modified_date) values (32, 83, 'Saved', 43373207, '2019-08-29 08:17:02', '2022-05-03 12:49:10');
insert into cartTable (id, user_id, status, total, created_date, modified_date) values (33, 97, 'Approved', 27543828, '2019-10-20 09:10:30', '2022-04-03 00:14:23');
insert into cartTable (id, user_id, status, total, created_date, modified_date) values (34, 21, 'Saved', 18645758, '2019-11-24 06:01:16', '2022-02-07 14:46:50');
insert into cartTable (id, user_id, status, total, created_date, modified_date) values (35, 95, 'Approved', 25648715, '2019-08-06 03:19:32', '2022-03-28 06:11:05');
insert into cartTable (id, user_id, status, total, created_date, modified_date) values (36, 24, 'Approved', 45186724, '2018-05-28 16:33:30', '2022-03-29 20:59:50');
insert into cartTable (id, user_id, status, total, created_date, modified_date) values (37, 96, 'Approved', 32216207, '2019-07-04 02:42:41', '2022-05-04 12:19:02');
insert into cartTable (id, user_id, status, total, created_date, modified_date) values (38, 61, 'Approved', 38452555, '2019-08-12 23:27:26', '2022-05-05 10:31:05');
insert into cartTable (id, user_id, status, total, created_date, modified_date) values (39, 52, 'Rejected', 35886055, '2018-09-04 12:54:22', '2022-06-13 06:09:16');
insert into cartTable (id, user_id, status, total, created_date, modified_date) values (40, 87, 'Rejected', 4365508, '2018-05-12 04:36:58', '2022-02-20 08:17:08');
insert into cartTable (id, user_id, status, total, created_date, modified_date) values (41, 2, 'Approved', 35953289, '2018-10-12 11:14:45', '2022-03-12 21:25:50');
insert into cartTable (id, user_id, status, total, created_date, modified_date) values (42, 27, 'Rejected', 10226998, '2019-10-28 00:08:07', '2021-09-20 12:30:25');
insert into cartTable (id, user_id, status, total, created_date, modified_date) values (43, 19, 'Approved', 9248384, '2019-03-27 04:31:59', '2021-12-21 05:13:22');
insert into cartTable (id, user_id, status, total, created_date, modified_date) values (44, 4, 'Rejected', 5099650, '2019-05-15 13:30:54', '2021-09-25 11:07:08');
insert into cartTable (id, user_id, status, total, created_date, modified_date) values (45, 88, 'Saved', 15751414, '2018-09-24 22:52:47', '2022-07-08 09:47:58');
insert into cartTable (id, user_id, status, total, created_date, modified_date) values (46, 53, 'Rejected', 9808540, '2019-04-21 19:17:56', '2021-09-28 21:11:50');
insert into cartTable (id, user_id, status, total, created_date, modified_date) values (47, 11, 'Approved', 21141727, '2018-06-10 21:35:32', '2021-09-13 01:51:22');
insert into cartTable (id, user_id, status, total, created_date, modified_date) values (48, 17, 'Approved', 2501053, '2018-05-20 22:02:32', '2022-02-12 11:36:33');
insert into cartTable (id, user_id, status, total, created_date, modified_date) values (49, 25, 'Saved', 47967062, '2019-04-26 03:31:10', '2021-10-26 12:09:16');
insert into cartTable (id, user_id, status, total, created_date, modified_date) values (50, 6, 'Approved', 48561937, '2019-05-01 19:27:34', '2021-09-17 15:40:54');
insert into cartTable (id, user_id, status, total, created_date, modified_date) values (51, 61, 'Saved', 41450122, '2019-08-17 23:58:13', '2021-12-30 13:52:39');
insert into cartTable (id, user_id, status, total, created_date, modified_date) values (52, 85, 'Saved', 38868229, '2019-05-23 21:13:16', '2022-01-24 15:34:25');
insert into cartTable (id, user_id, status, total, created_date, modified_date) values (53, 72, 'Rejected', 40801688, '2018-08-26 09:22:17', '2021-10-09 09:50:03');
insert into cartTable (id, user_id, status, total, created_date, modified_date) values (54, 51, 'Approved', 29893138, '2019-09-18 23:01:53', '2021-11-01 20:16:01');
insert into cartTable (id, user_id, status, total, created_date, modified_date) values (55, 12, 'Rejected', 46424617, '2019-10-29 19:01:20', '2021-10-21 05:37:13');
insert into cartTable (id, user_id, status, total, created_date, modified_date) values (56, 55, 'Saved', 18192473, '2018-10-14 07:14:48', '2022-05-23 16:29:40');
insert into cartTable (id, user_id, status, total, created_date, modified_date) values (57, 57, 'Saved', 22476644, '2019-08-21 07:55:33', '2022-02-16 03:51:45');
insert into cartTable (id, user_id, status, total, created_date, modified_date) values (58, 91, 'Approved', 39318954, '2019-06-02 09:41:27', '2022-08-18 21:57:23');
insert into cartTable (id, user_id, status, total, created_date, modified_date) values (59, 23, 'Saved', 32321949, '2019-03-06 18:51:26', '2022-04-06 22:35:46');
insert into cartTable (id, user_id, status, total, created_date, modified_date) values (60, 60, 'Rejected', 1127458, '2019-02-21 05:48:49', '2022-03-27 04:14:03');
insert into cartTable (id, user_id, status, total, created_date, modified_date) values (61, 46, 'Saved', 20408305, '2019-07-23 03:17:31', '2021-12-05 20:13:43');
insert into cartTable (id, user_id, status, total, created_date, modified_date) values (62, 46, 'Rejected', 34788660, '2018-09-14 09:31:48', '2022-01-09 12:33:07');
insert into cartTable (id, user_id, status, total, created_date, modified_date) values (63, 6, 'Approved', 8847949, '2019-04-16 12:21:02', '2021-09-24 18:49:46');
insert into cartTable (id, user_id, status, total, created_date, modified_date) values (64, 76, 'Rejected', 19175673, '2018-11-29 11:34:22', '2022-02-24 19:06:47');
insert into cartTable (id, user_id, status, total, created_date, modified_date) values (65, 62, 'Saved', 19260951, '2019-03-02 00:44:49', '2021-10-30 11:12:05');
insert into cartTable (id, user_id, status, total, created_date, modified_date) values (66, 74, 'Approved', 12699539, '2018-11-20 19:45:59', '2022-01-01 06:52:33');
insert into cartTable (id, user_id, status, total, created_date, modified_date) values (67, 39, 'Rejected', 38708618, '2019-02-05 03:14:30', '2022-01-17 12:22:01');
insert into cartTable (id, user_id, status, total, created_date, modified_date) values (68, 30, 'Approved', 36363277, '2019-11-26 08:22:29', '2022-02-14 17:59:39');
insert into cartTable (id, user_id, status, total, created_date, modified_date) values (69, 44, 'Rejected', 19914854, '2019-10-05 04:17:14', '2022-07-09 02:05:46');
insert into cartTable (id, user_id, status, total, created_date, modified_date) values (70, 64, 'Saved', 13446445, '2019-12-17 13:53:56', '2022-05-11 12:50:56');
insert into cartTable (id, user_id, status, total, created_date, modified_date) values (71, 30, 'Rejected', 25158039, '2019-05-11 10:40:26', '2022-08-15 15:24:26');
insert into cartTable (id, user_id, status, total, created_date, modified_date) values (72, 74, 'Approved', 45557349, '2019-10-07 10:05:29', '2022-07-05 05:24:36');
insert into cartTable (id, user_id, status, total, created_date, modified_date) values (73, 2, 'Approved', 26832693, '2018-07-06 22:28:57', '2022-02-02 09:35:42');
insert into cartTable (id, user_id, status, total, created_date, modified_date) values (74, 50, 'Rejected', 13407052, '2019-11-22 20:58:40', '2022-08-18 10:55:50');
insert into cartTable (id, user_id, status, total, created_date, modified_date) values (75, 19, 'Approved', 49667280, '2018-11-04 21:37:39', '2022-07-01 22:58:01');
insert into cartTable (id, user_id, status, total, created_date, modified_date) values (76, 53, 'Rejected', 46532187, '2019-11-21 17:21:00', '2021-12-18 15:07:16');
insert into cartTable (id, user_id, status, total, created_date, modified_date) values (77, 44, 'Rejected', 38458137, '2019-04-15 20:29:27', '2021-10-02 11:24:22');
insert into cartTable (id, user_id, status, total, created_date, modified_date) values (78, 38, 'Rejected', 44267076, '2019-09-06 22:30:14', '2022-07-12 21:29:22');
insert into cartTable (id, user_id, status, total, created_date, modified_date) values (79, 78, 'Approved', 21555850, '2019-02-20 21:48:12', '2021-10-18 22:02:11');
insert into cartTable (id, user_id, status, total, created_date, modified_date) values (80, 33, 'Rejected', 10118022, '2018-10-04 10:50:58', '2022-05-11 12:49:22');
insert into cartTable (id, user_id, status, total, created_date, modified_date) values (81, 69, 'Saved', 11355690, '2019-06-10 18:29:00', '2021-10-01 01:04:18');
insert into cartTable (id, user_id, status, total, created_date, modified_date) values (82, 74, 'Approved', 20273258, '2019-10-27 01:34:17', '2021-09-03 07:42:55');
insert into cartTable (id, user_id, status, total, created_date, modified_date) values (83, 15, 'Rejected', 3866457, '2019-09-18 13:41:46', '2022-02-06 22:49:45');
insert into cartTable (id, user_id, status, total, created_date, modified_date) values (84, 2, 'Approved', 30862850, '2019-06-16 08:02:49', '2022-05-25 07:44:14');
insert into cartTable (id, user_id, status, total, created_date, modified_date) values (85, 20, 'Approved', 4025399, '2018-06-11 06:43:44', '2022-02-02 16:25:17');
insert into cartTable (id, user_id, status, total, created_date, modified_date) values (86, 30, 'Rejected', 41119135, '2019-09-24 19:00:07', '2021-11-12 09:15:49');
insert into cartTable (id, user_id, status, total, created_date, modified_date) values (87, 22, 'Approved', 22895320, '2018-06-13 03:13:01', '2022-06-07 11:48:13');
insert into cartTable (id, user_id, status, total, created_date, modified_date) values (88, 57, 'Saved', 10580205, '2019-08-06 19:59:17', '2022-03-28 18:47:35');
insert into cartTable (id, user_id, status, total, created_date, modified_date) values (89, 11, 'Rejected', 20562437, '2018-04-26 12:10:10', '2021-09-30 02:02:22');
insert into cartTable (id, user_id, status, total, created_date, modified_date) values (90, 86, 'Saved', 31281213, '2019-08-01 01:10:26', '2022-05-04 17:14:52');
insert into cartTable (id, user_id, status, total, created_date, modified_date) values (91, 12, 'Rejected', 26572626, '2019-08-14 08:13:33', '2022-02-12 02:26:41');
insert into cartTable (id, user_id, status, total, created_date, modified_date) values (92, 51, 'Rejected', 10272676, '2018-06-02 10:16:09', '2022-08-19 11:26:34');
insert into cartTable (id, user_id, status, total, created_date, modified_date) values (93, 38, 'Saved', 12986129, '2018-05-25 11:28:59', '2022-03-23 06:11:40');
insert into cartTable (id, user_id, status, total, created_date, modified_date) values (94, 94, 'Saved', 3160740, '2019-11-09 21:04:40', '2021-09-06 18:01:45');
insert into cartTable (id, user_id, status, total, created_date, modified_date) values (95, 82, 'Rejected', 3050241, '2018-07-28 19:39:12', '2022-07-10 14:34:58');
insert into cartTable (id, user_id, status, total, created_date, modified_date) values (96, 86, 'Saved', 11289432, '2019-11-19 14:46:27', '2022-05-31 08:10:30');
insert into cartTable (id, user_id, status, total, created_date, modified_date) values (97, 62, 'Approved', 45814089, '2018-08-22 19:23:35', '2022-02-25 06:32:12');
insert into cartTable (id, user_id, status, total, created_date, modified_date) values (98, 85, 'Approved', 11837801, '2019-07-14 02:12:51', '2022-03-05 12:55:32');
insert into cartTable (id, user_id, status, total, created_date, modified_date) values (99, 74, 'Approved', 23411698, '2019-11-27 02:57:59', '2022-04-14 21:13:20');
insert into cartTable (id, user_id, status, total, created_date, modified_date) values (100, 81, 'Rejected', 22020792, '2019-11-20 23:55:54', '2021-10-15 03:43:42');

-- orderTable
insert into orderTable (id, user_id, status, shipping, discount, total, note, buyer_name, mobile, email, address, created_date, modified_date) values (1, 7, 'Saved', 85658, 83, 42357332, 'cursus vestibulum proin eu mi nulla ac enim in tempor turpis', 'Tessie Blakeslee', '1792401851', 'tblakeslee0@topsy.com', '087 Montana Court', '2018-08-21 23:20:09', '2021-10-05 18:59:41');
insert into orderTable (id, user_id, status, shipping, discount, total, note, buyer_name, mobile, email, address, created_date, modified_date) values (2, 93, 'Rejected', 81943, 88, 7838907, 'hac habitasse platea dictumst etiam faucibus cursus urna ut tellus nulla ut erat id mauris vulputate elementum nullam varius nulla', 'Sisely De Roos', '2341392086', 'sde1@zimbio.com', '81196 Manley Terrace', '2018-12-18 22:11:14', '2021-09-29 14:35:53');
insert into orderTable (id, user_id, status, shipping, discount, total, note, buyer_name, mobile, email, address, created_date, modified_date) values (3, 58, 'Rejected', 67801, 71, 42924876, 'suspendisse potenti in eleifend quam a odio in hac habitasse platea dictumst maecenas ut massa quis augue luctus tincidunt nulla', 'Perrine Dewis', '2066958786', 'pdewis2@eventbrite.com', '20052 Miller Place', '2019-10-24 15:05:54', '2022-05-09 12:52:31');
insert into orderTable (id, user_id, status, shipping, discount, total, note, buyer_name, mobile, email, address, created_date, modified_date) values (4, 62, 'Approved', 37755, 30, 41904328, 'ligula nec sem duis aliquam convallis nunc proin at turpis a pede posuere nonummy integer', 'Staford Fawke', '9756412560', 'sfawke3@answers.com', '966 Lukken Parkway', '2019-11-27 18:12:53', '2022-01-31 20:40:38');
insert into orderTable (id, user_id, status, shipping, discount, total, note, buyer_name, mobile, email, address, created_date, modified_date) values (5, 15, 'Rejected', 41286, 91, 31137698, 'nec molestie sed justo pellentesque viverra pede ac diam cras pellentesque volutpat dui maecenas tristique est et tempus semper est', 'Gerri Walasik', '1981181289', 'gwalasik4@bravesites.com', '9541 Mifflin Alley', '2018-06-06 23:59:48', '2022-04-13 02:00:15');
insert into orderTable (id, user_id, status, shipping, discount, total, note, buyer_name, mobile, email, address, created_date, modified_date) values (6, 19, 'Rejected', 37884, 20, 26170540, 'mauris lacinia sapien quis libero nullam sit amet turpis elementum ligula vehicula consequat morbi a ipsum', 'Evey Eamer', '5708052574', 'eeamer5@odnoklassniki.ru', '765 Merrick Parkway', '2018-07-26 16:53:36', '2022-05-30 16:43:15');
insert into orderTable (id, user_id, status, shipping, discount, total, note, buyer_name, mobile, email, address, created_date, modified_date) values (7, 62, 'Approved', 74281, 76, 48909724, 'mauris morbi non lectus aliquam sit amet diam in magna bibendum imperdiet nullam orci pede venenatis non', 'Claudio Dayborne', '3371996928', 'cdayborne6@godaddy.com', '2 Lotheville Lane', '2019-11-16 15:29:06', '2022-06-10 13:01:36');
insert into orderTable (id, user_id, status, shipping, discount, total, note, buyer_name, mobile, email, address, created_date, modified_date) values (8, 92, 'Rejected', 17244, 71, 11085082, 'mi in porttitor pede justo eu massa donec dapibus duis at velit eu est congue elementum', 'Lew Nannizzi', '9354015618', 'lnannizzi7@godaddy.com', '878 Onsgard Park', '2018-07-18 13:51:47', '2022-08-18 20:47:48');
insert into orderTable (id, user_id, status, shipping, discount, total, note, buyer_name, mobile, email, address, created_date, modified_date) values (9, 20, 'Saved', 75985, 32, 49995718, 'a pede posuere nonummy integer non velit donec diam neque vestibulum eget vulputate ut ultrices vel', 'Flss Whale', '7002131081', 'fwhale8@opensource.org', '0 Esker Lane', '2018-11-18 04:10:36', '2022-04-03 08:41:27');
insert into orderTable (id, user_id, status, shipping, discount, total, note, buyer_name, mobile, email, address, created_date, modified_date) values (10, 98, 'Rejected', 85252, 32, 18825357, 'ut nulla sed accumsan felis ut at dolor quis odio consequat varius integer ac', 'Lillian Petran', '9123024597', 'lpetran9@java.com', '2 Paget Point', '2019-09-24 15:51:41', '2022-01-16 13:41:57');
insert into orderTable (id, user_id, status, shipping, discount, total, note, buyer_name, mobile, email, address, created_date, modified_date) values (11, 78, 'Rejected', 25648, 89, 33323684, 'ultrices posuere cubilia curae duis faucibus accumsan odio curabitur convallis duis consequat', 'Shelley Isgate', '8375119338', 'sisgatea@sun.com', '581 Armistice Way', '2018-11-19 04:21:57', '2022-03-06 23:37:43');
insert into orderTable (id, user_id, status, shipping, discount, total, note, buyer_name, mobile, email, address, created_date, modified_date) values (12, 47, 'Saved', 98806, 49, 4948245, 'aliquet massa id lobortis convallis tortor risus dapibus augue vel accumsan tellus nisi eu orci mauris lacinia sapien quis', 'Ingamar Ioannou', '2375111464', 'iioannoub@columbia.edu', '5677 Glacier Hill Road', '2019-05-05 17:11:20', '2021-12-13 01:36:25');
insert into orderTable (id, user_id, status, shipping, discount, total, note, buyer_name, mobile, email, address, created_date, modified_date) values (13, 26, 'Rejected', 73678, 10, 9354144, 'pellentesque ultrices phasellus id sapien in sapien iaculis congue vivamus metus arcu', 'Alleyn Tilliard', '4499537048', 'atilliardc@who.int', '27190 Arizona Center', '2018-08-11 09:53:59', '2021-10-21 03:40:48');
insert into orderTable (id, user_id, status, shipping, discount, total, note, buyer_name, mobile, email, address, created_date, modified_date) values (14, 88, 'Approved', 5282, 9, 37705275, 'dapibus dolor vel est donec odio justo sollicitudin ut suscipit a feugiat et eros', 'Yoko Ivanchin', '6792541923', 'yivanchind@narod.ru', '20 Prairie Rose Way', '2019-07-03 12:05:35', '2022-08-03 18:00:00');
insert into orderTable (id, user_id, status, shipping, discount, total, note, buyer_name, mobile, email, address, created_date, modified_date) values (15, 9, 'Saved', 5483, 70, 30768788, 'purus phasellus in felis donec semper sapien a libero nam dui', 'Genevieve Gutowski', '6703540277', 'ggutowskie@yahoo.com', '2 Colorado Street', '2019-06-10 19:11:24', '2022-03-13 22:58:46');
insert into orderTable (id, user_id, status, shipping, discount, total, note, buyer_name, mobile, email, address, created_date, modified_date) values (16, 87, 'Saved', 76567, 38, 39665837, 'mauris ullamcorper purus sit amet nulla quisque arcu libero rutrum ac', 'Angeline Widger', '5952993947', 'awidgerf@goodreads.com', '45084 Pankratz Pass', '2018-06-25 03:13:24', '2021-12-13 09:41:55');
insert into orderTable (id, user_id, status, shipping, discount, total, note, buyer_name, mobile, email, address, created_date, modified_date) values (17, 6, 'Rejected', 94129, 29, 24122534, 'ante ipsum primis in faucibus orci luctus et ultrices posuere cubilia curae donec pharetra magna vestibulum aliquet', 'Spenser Millis', '5714168652', 'smillisg@globo.com', '03 Grayhawk Pass', '2019-06-30 06:17:19', '2022-06-30 19:41:25');
insert into orderTable (id, user_id, status, shipping, discount, total, note, buyer_name, mobile, email, address, created_date, modified_date) values (18, 8, 'Rejected', 32797, 33, 25543177, 'luctus et ultrices posuere cubilia curae donec pharetra magna vestibulum aliquet ultrices', 'Donovan Okker', '1744570382', 'dokkerh@arizona.edu', '10328 Village Street', '2019-05-15 17:14:19', '2022-02-17 12:45:04');
insert into orderTable (id, user_id, status, shipping, discount, total, note, buyer_name, mobile, email, address, created_date, modified_date) values (19, 11, 'Approved', 38913, 44, 36538979, 'erat eros viverra eget congue eget semper rutrum nulla nunc purus phasellus', 'Nero Lochead', '5032688321', 'nlocheadi@topsy.com', '88 Maywood Court', '2018-07-26 20:58:46', '2021-09-10 06:24:01');
insert into orderTable (id, user_id, status, shipping, discount, total, note, buyer_name, mobile, email, address, created_date, modified_date) values (20, 100, 'Saved', 98078, 55, 498556, 'proin leo odio porttitor id consequat in consequat ut nulla', 'Beale Wixon', '1991305090', 'bwixonj@studiopress.com', '9 Green Point', '2018-12-22 05:32:00', '2021-10-09 22:24:16');
insert into orderTable (id, user_id, status, shipping, discount, total, note, buyer_name, mobile, email, address, created_date, modified_date) values (21, 54, 'Saved', 23221, 72, 8019045, 'ut tellus nulla ut erat id mauris vulputate elementum nullam varius nulla facilisi cras', 'Gill Bernier', '8687030889', 'gbernierk@opera.com', '49 Sunfield Street', '2019-02-08 05:24:14', '2022-07-16 11:08:19');
insert into orderTable (id, user_id, status, shipping, discount, total, note, buyer_name, mobile, email, address, created_date, modified_date) values (22, 14, 'Approved', 97316, 15, 13484402, 'cubilia curae donec pharetra magna vestibulum aliquet ultrices erat tortor sollicitudin mi sit amet lobortis', 'Lawry Furphy', '9232566372', 'lfurphyl@samsung.com', '101 Red Cloud Terrace', '2018-09-25 06:36:50', '2021-11-26 03:41:25');
insert into orderTable (id, user_id, status, shipping, discount, total, note, buyer_name, mobile, email, address, created_date, modified_date) values (23, 5, 'Rejected', 3922, 58, 45767599, 'in blandit ultrices enim lorem ipsum dolor sit amet consectetuer adipiscing', 'Georgie Willoughley', '1271892694', 'gwilloughleym@hostgator.com', '11647 Troy Circle', '2019-02-09 13:42:46', '2022-06-04 01:24:49');
insert into orderTable (id, user_id, status, shipping, discount, total, note, buyer_name, mobile, email, address, created_date, modified_date) values (24, 87, 'Rejected', 6187, 96, 46826085, 'morbi a ipsum integer a nibh in quis justo maecenas rhoncus aliquam lacus', 'Sianna Bulfoot', '4968201865', 'sbulfootn@youtube.com', '105 Mayer Lane', '2019-01-02 01:54:49', '2022-03-07 13:05:27');
insert into orderTable (id, user_id, status, shipping, discount, total, note, buyer_name, mobile, email, address, created_date, modified_date) values (25, 80, 'Saved', 40040, 13, 32106914, 'massa donec dapibus duis at velit eu est congue elementum in hac habitasse platea dictumst morbi', 'Andra Roddick', '3475442687', 'aroddicko@google.nl', '630 Hauk Alley', '2019-10-05 17:52:58', '2022-03-08 18:13:57');
insert into orderTable (id, user_id, status, shipping, discount, total, note, buyer_name, mobile, email, address, created_date, modified_date) values (26, 66, 'Approved', 41667, 75, 48909691, 'in hac habitasse platea dictumst aliquam augue quam sollicitudin vitae consectetuer eget rutrum at lorem integer tincidunt ante vel', 'Jacques Ambroise', '5619651298', 'jambroisep@pbs.org', '61706 Elmside Court', '2019-11-01 22:36:46', '2022-01-22 22:23:49');
insert into orderTable (id, user_id, status, shipping, discount, total, note, buyer_name, mobile, email, address, created_date, modified_date) values (27, 21, 'Approved', 55373, 16, 49727372, 'urna ut tellus nulla ut erat id mauris vulputate elementum nullam varius nulla facilisi cras non', 'Agna Fike', '9314635138', 'afikeq@dailymail.co.uk', '93233 Hoepker Alley', '2018-12-28 17:38:01', '2022-04-19 14:49:47');
insert into orderTable (id, user_id, status, shipping, discount, total, note, buyer_name, mobile, email, address, created_date, modified_date) values (28, 13, 'Approved', 21452, 86, 49597945, 'integer ac leo pellentesque ultrices mattis odio donec vitae nisi nam ultrices libero non mattis pulvinar', 'Dewie Spere', '5945591466', 'dsperer@toplist.cz', '76171 Jana Place', '2019-11-03 19:10:56', '2022-01-15 07:58:53');
insert into orderTable (id, user_id, status, shipping, discount, total, note, buyer_name, mobile, email, address, created_date, modified_date) values (29, 75, 'Rejected', 66062, 22, 505438, 'odio justo sollicitudin ut suscipit a feugiat et eros vestibulum ac est', 'Kellen O''Noulane', '2704510372', 'konoulanes@army.mil', '070 Hovde Place', '2019-06-04 02:32:12', '2022-01-22 01:36:54');
insert into orderTable (id, user_id, status, shipping, discount, total, note, buyer_name, mobile, email, address, created_date, modified_date) values (30, 59, 'Saved', 81203, 3, 47165582, 'lectus pellentesque eget nunc donec quis orci eget orci vehicula condimentum curabitur', 'Ameline McCracken', '4766361792', 'amccrackent@xing.com', '726 Cherokee Junction', '2019-12-22 12:52:12', '2022-08-01 23:26:15');
insert into orderTable (id, user_id, status, shipping, discount, total, note, buyer_name, mobile, email, address, created_date, modified_date) values (31, 14, 'Approved', 26139, 42, 3256671, 'velit nec nisi vulputate nonummy maecenas tincidunt lacus at velit vivamus vel nulla eget eros elementum', 'Eziechiele Palay', '3803554568', 'epalayu@virginia.edu', '7773 Duke Hill', '2018-05-06 13:53:55', '2021-10-21 05:01:09');
insert into orderTable (id, user_id, status, shipping, discount, total, note, buyer_name, mobile, email, address, created_date, modified_date) values (32, 29, 'Approved', 12414, 10, 24086582, 'turpis nec euismod scelerisque quam turpis adipiscing lorem vitae mattis', 'Gaby Whelband', '7376048045', 'gwhelbandv@craigslist.org', '6 Autumn Leaf Court', '2018-10-12 03:54:39', '2021-11-18 05:16:39');
insert into orderTable (id, user_id, status, shipping, discount, total, note, buyer_name, mobile, email, address, created_date, modified_date) values (33, 77, 'Approved', 85761, 14, 5610977, 'lacus morbi sem mauris laoreet ut rhoncus aliquet pulvinar sed nisl', 'Ricki Simpkin', '2107457695', 'rsimpkinw@addtoany.com', '09 Thierer Circle', '2019-07-26 18:22:07', '2021-10-26 11:54:10');
insert into orderTable (id, user_id, status, shipping, discount, total, note, buyer_name, mobile, email, address, created_date, modified_date) values (34, 69, 'Saved', 9398, 92, 20783826, 'fusce lacus purus aliquet at feugiat non pretium quis lectus suspendisse potenti in eleifend quam', 'Merla Fouracre', '5356936790', 'mfouracrex@bravesites.com', '2 Arrowood Plaza', '2018-05-24 09:19:15', '2022-05-01 21:20:59');
insert into orderTable (id, user_id, status, shipping, discount, total, note, buyer_name, mobile, email, address, created_date, modified_date) values (35, 29, 'Rejected', 9519, 88, 47485662, 'pretium quis lectus suspendisse potenti in eleifend quam a odio in hac habitasse platea dictumst maecenas ut massa quis augue', 'Tally Scole', '6338335184', 'tscoley@infoseek.co.jp', '6 Arizona Avenue', '2019-11-07 01:58:18', '2022-05-14 01:48:43');
insert into orderTable (id, user_id, status, shipping, discount, total, note, buyer_name, mobile, email, address, created_date, modified_date) values (36, 60, 'Approved', 15706, 73, 33074442, 'vulputate elementum nullam varius nulla facilisi cras non velit nec nisi vulputate nonummy', 'Davon Raspel', '9339382001', 'draspelz@whitehouse.gov', '6 Parkside Terrace', '2018-07-17 04:25:23', '2022-05-26 06:23:14');
insert into orderTable (id, user_id, status, shipping, discount, total, note, buyer_name, mobile, email, address, created_date, modified_date) values (37, 83, 'Rejected', 77072, 35, 19621826, 'condimentum curabitur in libero ut massa volutpat convallis morbi odio odio elementum eu interdum eu tincidunt in', 'Clarette Brayshay', '7535156524', 'cbrayshay10@i2i.jp', '0 Namekagon Street', '2019-02-24 06:27:29', '2022-07-05 05:46:14');
insert into orderTable (id, user_id, status, shipping, discount, total, note, buyer_name, mobile, email, address, created_date, modified_date) values (38, 45, 'Approved', 87206, 87, 38579251, 'vulputate nonummy maecenas tincidunt lacus at velit vivamus vel nulla eget eros elementum pellentesque quisque porta', 'Shelba Moakes', '5172376769', 'smoakes11@nhs.uk', '5 Cascade Way', '2018-12-16 18:28:27', '2022-08-17 03:15:31');
insert into orderTable (id, user_id, status, shipping, discount, total, note, buyer_name, mobile, email, address, created_date, modified_date) values (39, 18, 'Rejected', 22380, 73, 9869994, 'vel enim sit amet nunc viverra dapibus nulla suscipit ligula', 'Amber Dacey', '3464876859', 'adacey12@alexa.com', '5738 Butternut Lane', '2019-03-08 12:43:18', '2022-03-15 07:10:13');
insert into orderTable (id, user_id, status, shipping, discount, total, note, buyer_name, mobile, email, address, created_date, modified_date) values (40, 25, 'Approved', 95646, 49, 24362322, 'vulputate vitae nisl aenean lectus pellentesque eget nunc donec quis orci eget orci vehicula condimentum curabitur in libero ut massa', 'Lauretta Goatcher', '2367091627', 'lgoatcher13@cdc.gov', '37 Coleman Crossing', '2019-08-21 19:03:21', '2022-03-25 14:34:56');
insert into orderTable (id, user_id, status, shipping, discount, total, note, buyer_name, mobile, email, address, created_date, modified_date) values (41, 68, 'Saved', 42602, 41, 25066400, 'donec quis orci eget orci vehicula condimentum curabitur in libero ut massa volutpat convallis morbi odio odio elementum eu', 'Halley Dobrovolny', '7819154582', 'hdobrovolny14@oracle.com', '8608 Sundown Trail', '2019-03-02 08:01:40', '2022-08-13 18:21:26');
insert into orderTable (id, user_id, status, shipping, discount, total, note, buyer_name, mobile, email, address, created_date, modified_date) values (42, 84, 'Rejected', 96613, 35, 6927202, 'diam cras pellentesque volutpat dui maecenas tristique est et tempus semper est', 'Georgina Eddie', '8969714710', 'geddie15@noaa.gov', '950 Cardinal Avenue', '2018-08-05 07:29:07', '2022-01-11 15:19:10');
insert into orderTable (id, user_id, status, shipping, discount, total, note, buyer_name, mobile, email, address, created_date, modified_date) values (43, 77, 'Saved', 45803, 99, 17754849, 'nec euismod scelerisque quam turpis adipiscing lorem vitae mattis nibh ligula nec sem', 'Culley Doidge', '6661702220', 'cdoidge16@fotki.com', '677 Fieldstone Plaza', '2019-07-18 13:56:35', '2022-03-10 12:19:55');
insert into orderTable (id, user_id, status, shipping, discount, total, note, buyer_name, mobile, email, address, created_date, modified_date) values (44, 26, 'Saved', 25796, 18, 30160442, 'tellus nulla ut erat id mauris vulputate elementum nullam varius nulla facilisi cras non velit nec nisi vulputate nonummy maecenas', 'Jo Last', '4282018588', 'jlast17@cloudflare.com', '473 Delladonna Court', '2018-05-05 18:42:44', '2022-01-17 06:28:58');
insert into orderTable (id, user_id, status, shipping, discount, total, note, buyer_name, mobile, email, address, created_date, modified_date) values (45, 27, 'Saved', 16280, 8, 1161472, 'nulla dapibus dolor vel est donec odio justo sollicitudin ut suscipit a feugiat et eros vestibulum ac est', 'Koralle Bauckham', '6964739314', 'kbauckham18@meetup.com', '5743 Atwood Junction', '2019-05-13 04:46:14', '2021-08-27 16:19:53');
insert into orderTable (id, user_id, status, shipping, discount, total, note, buyer_name, mobile, email, address, created_date, modified_date) values (46, 66, 'Approved', 9512, 76, 23396083, 'nisi nam ultrices libero non mattis pulvinar nulla pede ullamcorper augue a', 'Allissa O''Moylan', '2433495783', 'aomoylan19@last.fm', '48933 Forest Dale Alley', '2019-08-08 21:36:16', '2021-11-24 17:45:00');
insert into orderTable (id, user_id, status, shipping, discount, total, note, buyer_name, mobile, email, address, created_date, modified_date) values (47, 51, 'Rejected', 99910, 72, 25184978, 'lorem quisque ut erat curabitur gravida nisi at nibh in hac habitasse platea dictumst aliquam augue quam', 'Joya Hancox', '2926820344', 'jhancox1a@cisco.com', '4 Shoshone Avenue', '2018-07-17 15:29:41', '2022-03-30 16:16:20');
insert into orderTable (id, user_id, status, shipping, discount, total, note, buyer_name, mobile, email, address, created_date, modified_date) values (48, 81, 'Approved', 14006, 48, 30947342, 'vestibulum aliquet ultrices erat tortor sollicitudin mi sit amet lobortis', 'Pierette Eitter', '7322703479', 'peitter1b@sphinn.com', '59 Kropf Trail', '2019-11-14 23:20:21', '2022-03-29 02:00:53');
insert into orderTable (id, user_id, status, shipping, discount, total, note, buyer_name, mobile, email, address, created_date, modified_date) values (49, 86, 'Saved', 79902, 63, 46581986, 'et ultrices posuere cubilia curae mauris viverra diam vitae quam suspendisse potenti nullam porttitor lacus at turpis donec posuere metus', 'Onofredo Halwill', '2269192059', 'ohalwill1c@seattletimes.com', '7885 Brown Place', '2019-10-05 18:15:10', '2021-10-28 23:22:56');
insert into orderTable (id, user_id, status, shipping, discount, total, note, buyer_name, mobile, email, address, created_date, modified_date) values (50, 7, 'Rejected', 77209, 82, 3424681, 'aenean auctor gravida sem praesent id massa id nisl venenatis lacinia aenean sit amet justo morbi ut odio cras mi', 'Freeland Wear', '8589069039', 'fwear1d@bing.com', '37 Ryan Plaza', '2018-10-23 19:01:51', '2022-02-10 05:36:20');
insert into orderTable (id, user_id, status, shipping, discount, total, note, buyer_name, mobile, email, address, created_date, modified_date) values (51, 10, 'Rejected', 52172, 91, 18514746, 'potenti in eleifend quam a odio in hac habitasse platea dictumst maecenas ut', 'Dino Barroux', '7516064210', 'dbarroux1e@narod.ru', '14 Valley Edge Circle', '2019-05-02 07:58:41', '2022-07-29 03:35:11');
insert into orderTable (id, user_id, status, shipping, discount, total, note, buyer_name, mobile, email, address, created_date, modified_date) values (52, 14, 'Saved', 14106, 51, 14897473, 'maecenas tincidunt lacus at velit vivamus vel nulla eget eros elementum pellentesque quisque porta volutpat erat quisque erat eros', 'Mitchel Feeney', '9835017017', 'mfeeney1f@altervista.org', '14604 Eagle Crest Pass', '2019-07-30 17:59:23', '2022-07-16 14:45:41');
insert into orderTable (id, user_id, status, shipping, discount, total, note, buyer_name, mobile, email, address, created_date, modified_date) values (53, 14, 'Approved', 8992, 96, 4575374, 'eros vestibulum ac est lacinia nisi venenatis tristique fusce congue diam id ornare imperdiet sapien urna pretium', 'Winston Eccleston', '9358693428', 'weccleston1g@skyrock.com', '389 Delladonna Place', '2018-06-11 07:28:25', '2021-09-16 00:54:49');
insert into orderTable (id, user_id, status, shipping, discount, total, note, buyer_name, mobile, email, address, created_date, modified_date) values (54, 91, 'Approved', 11627, 18, 44686499, 'nibh in hac habitasse platea dictumst aliquam augue quam sollicitudin', 'Agustin Zimek', '1634180671', 'azimek1h@angelfire.com', '1 Becker Street', '2019-03-11 21:45:58', '2022-01-15 14:06:07');
insert into orderTable (id, user_id, status, shipping, discount, total, note, buyer_name, mobile, email, address, created_date, modified_date) values (55, 64, 'Rejected', 81208, 39, 26112025, 'pretium iaculis diam erat fermentum justo nec condimentum neque sapien placerat ante nulla justo', 'Amargo Iscowitz', '8383001347', 'aiscowitz1i@europa.eu', '55 West Hill', '2018-07-13 16:01:17', '2021-09-25 17:04:26');
insert into orderTable (id, user_id, status, shipping, discount, total, note, buyer_name, mobile, email, address, created_date, modified_date) values (56, 44, 'Saved', 52752, 74, 16904319, 'lectus aliquam sit amet diam in magna bibendum imperdiet nullam orci pede venenatis non sodales sed tincidunt eu felis fusce', 'Dotti Verrell', '8634516024', 'dverrell1j@cdbaby.com', '17 Emmet Terrace', '2019-10-11 00:45:52', '2021-10-16 12:41:16');
insert into orderTable (id, user_id, status, shipping, discount, total, note, buyer_name, mobile, email, address, created_date, modified_date) values (57, 59, 'Approved', 9294, 49, 29761660, 'lectus vestibulum quam sapien varius ut blandit non interdum in ante vestibulum ante ipsum primis in faucibus orci', 'Annnora Tardiff', '1216085634', 'atardiff1k@loc.gov', '43600 Westport Place', '2019-07-06 17:31:06', '2022-04-27 05:30:08');
insert into orderTable (id, user_id, status, shipping, discount, total, note, buyer_name, mobile, email, address, created_date, modified_date) values (58, 46, 'Saved', 73766, 44, 4681936, 'curae nulla dapibus dolor vel est donec odio justo sollicitudin ut suscipit a feugiat et eros vestibulum ac est', 'Trista Roon', '8186473758', 'troon1l@seesaa.net', '39900 Ridgeway Street', '2019-11-20 07:49:00', '2022-01-18 13:55:32');
insert into orderTable (id, user_id, status, shipping, discount, total, note, buyer_name, mobile, email, address, created_date, modified_date) values (59, 48, 'Saved', 88863, 100, 39674096, 'vehicula condimentum curabitur in libero ut massa volutpat convallis morbi odio odio elementum eu interdum eu tincidunt in leo maecenas', 'Nicky Osmund', '7758116130', 'nosmund1m@csmonitor.com', '97270 Scofield Road', '2018-06-19 11:14:09', '2022-04-23 07:14:02');
insert into orderTable (id, user_id, status, shipping, discount, total, note, buyer_name, mobile, email, address, created_date, modified_date) values (60, 97, 'Rejected', 40290, 50, 7745337, 'pellentesque volutpat dui maecenas tristique est et tempus semper est quam pharetra magna ac consequat metus sapien ut nunc', 'Laurella MacQuist', '4445301562', 'lmacquist1n@istockphoto.com', '3 Monument Way', '2019-03-09 07:08:00', '2021-11-27 04:50:03');
insert into orderTable (id, user_id, status, shipping, discount, total, note, buyer_name, mobile, email, address, created_date, modified_date) values (61, 93, 'Rejected', 35981, 21, 3434059, 'lacus morbi quis tortor id nulla ultrices aliquet maecenas leo odio condimentum id luctus nec molestie sed justo pellentesque', 'Sarette Tollett', '9729106064', 'stollett1o@netscape.com', '61338 Stuart Place', '2019-05-06 05:56:02', '2021-11-28 18:33:53');
insert into orderTable (id, user_id, status, shipping, discount, total, note, buyer_name, mobile, email, address, created_date, modified_date) values (62, 64, 'Approved', 20834, 15, 10874369, 'aliquam erat volutpat in congue etiam justo etiam pretium iaculis', 'Paddy Galia', '4025171923', 'pgalia1p@jimdo.com', '44218 Prentice Park', '2018-07-21 09:14:56', '2021-10-10 17:12:08');
insert into orderTable (id, user_id, status, shipping, discount, total, note, buyer_name, mobile, email, address, created_date, modified_date) values (63, 44, 'Rejected', 96598, 42, 36647379, 'cum sociis natoque penatibus et magnis dis parturient montes nascetur ridiculus', 'Ameline Millard', '4955752924', 'amillard1q@nhs.uk', '7758 Butternut Court', '2018-10-31 16:52:07', '2021-09-08 00:17:38');
insert into orderTable (id, user_id, status, shipping, discount, total, note, buyer_name, mobile, email, address, created_date, modified_date) values (64, 6, 'Saved', 10808, 11, 31054515, 'dapibus augue vel accumsan tellus nisi eu orci mauris lacinia sapien quis libero nullam sit amet turpis', 'Wilona Cazalet', '5724995174', 'wcazalet1r@newyorker.com', '21466 Fallview Pass', '2018-09-03 08:25:44', '2021-10-08 10:11:10');
insert into orderTable (id, user_id, status, shipping, discount, total, note, buyer_name, mobile, email, address, created_date, modified_date) values (65, 85, 'Approved', 10071, 86, 38421805, 'magna vulputate luctus cum sociis natoque penatibus et magnis dis parturient montes nascetur ridiculus', 'Belicia Calf', '6957550555', 'bcalf1s@earthlink.net', '180 Brentwood Alley', '2019-03-02 12:47:06', '2022-05-15 16:02:38');
insert into orderTable (id, user_id, status, shipping, discount, total, note, buyer_name, mobile, email, address, created_date, modified_date) values (66, 23, 'Approved', 97574, 12, 44305496, 'tortor duis mattis egestas metus aenean fermentum donec ut mauris eget massa tempor convallis nulla neque libero', 'Ingeborg Spensly', '1806729685', 'ispensly1t@google.com', '688 Division Drive', '2019-09-26 06:01:55', '2022-06-14 12:41:14');
insert into orderTable (id, user_id, status, shipping, discount, total, note, buyer_name, mobile, email, address, created_date, modified_date) values (67, 93, 'Rejected', 25245, 18, 35442130, 'leo rhoncus sed vestibulum sit amet cursus id turpis integer aliquet massa id', 'Jessamyn Atterbury', '8035342287', 'jatterbury1u@dyndns.org', '858 Graceland Junction', '2019-03-17 03:24:15', '2021-09-02 10:25:38');
insert into orderTable (id, user_id, status, shipping, discount, total, note, buyer_name, mobile, email, address, created_date, modified_date) values (68, 75, 'Rejected', 45251, 97, 35660356, 'nec nisi volutpat eleifend donec ut dolor morbi vel lectus in quam fringilla rhoncus', 'Mylo Verbrugge', '5729237966', 'mverbrugge1v@house.gov', '88 Armistice Point', '2019-08-15 05:39:38', '2022-02-24 22:36:49');
insert into orderTable (id, user_id, status, shipping, discount, total, note, buyer_name, mobile, email, address, created_date, modified_date) values (69, 65, 'Approved', 87216, 3, 34257732, 'ultrices posuere cubilia curae mauris viverra diam vitae quam suspendisse potenti nullam porttitor lacus at turpis donec posuere metus', 'Kattie Redfield', '5083078621', 'kredfield1w@stanford.edu', '58312 Kropf Center', '2019-09-27 23:17:03', '2022-07-29 17:11:03');
insert into orderTable (id, user_id, status, shipping, discount, total, note, buyer_name, mobile, email, address, created_date, modified_date) values (70, 75, 'Rejected', 46013, 10, 26168109, 'quis turpis sed ante vivamus tortor duis mattis egestas metus aenean', 'Abbot Reame', '5406081177', 'areame1x@marketwatch.com', '63299 John Wall Circle', '2019-04-30 08:19:26', '2021-10-31 15:30:46');
insert into orderTable (id, user_id, status, shipping, discount, total, note, buyer_name, mobile, email, address, created_date, modified_date) values (71, 80, 'Saved', 86232, 50, 44844309, 'eleifend donec ut dolor morbi vel lectus in quam fringilla rhoncus mauris', 'Riva Burless', '9423591088', 'rburless1y@senate.gov', '3589 1st Avenue', '2019-11-07 16:20:21', '2021-09-14 04:53:07');
insert into orderTable (id, user_id, status, shipping, discount, total, note, buyer_name, mobile, email, address, created_date, modified_date) values (72, 49, 'Rejected', 30310, 43, 37670627, 'dapibus duis at velit eu est congue elementum in hac habitasse platea dictumst morbi vestibulum velit', 'Roy Bernardino', '3396487935', 'rbernardino1z@dion.ne.jp', '7 Clove Alley', '2019-09-08 11:24:12', '2022-06-30 10:05:55');
insert into orderTable (id, user_id, status, shipping, discount, total, note, buyer_name, mobile, email, address, created_date, modified_date) values (73, 69, 'Rejected', 1762, 10, 28394991, 'posuere cubilia curae duis faucibus accumsan odio curabitur convallis duis consequat dui', 'Papageno Stoyell', '9836063158', 'pstoyell20@tmall.com', '7 Stoughton Drive', '2018-05-16 13:18:23', '2022-01-14 20:07:59');
insert into orderTable (id, user_id, status, shipping, discount, total, note, buyer_name, mobile, email, address, created_date, modified_date) values (74, 83, 'Approved', 54158, 60, 34582612, 'eu interdum eu tincidunt in leo maecenas pulvinar lobortis est phasellus sit amet erat nulla tempus', 'Barn Tissiman', '3445729616', 'btissiman21@berkeley.edu', '92 Mccormick Road', '2019-12-19 18:35:59', '2022-01-16 07:35:56');
insert into orderTable (id, user_id, status, shipping, discount, total, note, buyer_name, mobile, email, address, created_date, modified_date) values (75, 76, 'Approved', 75472, 75, 202006, 'vivamus tortor duis mattis egestas metus aenean fermentum donec ut mauris eget massa tempor convallis', 'Starlin Sandlin', '5738055585', 'ssandlin22@nsw.gov.au', '8 Loftsgordon Park', '2018-07-03 13:54:27', '2022-06-12 00:06:51');
insert into orderTable (id, user_id, status, shipping, discount, total, note, buyer_name, mobile, email, address, created_date, modified_date) values (76, 29, 'Rejected', 24921, 69, 47992883, 'bibendum felis sed interdum venenatis turpis enim blandit mi in porttitor pede justo eu massa donec dapibus', 'Jenilee Bras', '5123761643', 'jbras23@fotki.com', '52883 Grasskamp Point', '2019-12-09 17:10:50', '2021-11-22 09:46:34');
insert into orderTable (id, user_id, status, shipping, discount, total, note, buyer_name, mobile, email, address, created_date, modified_date) values (77, 47, 'Rejected', 5907, 23, 24996803, 'vel lectus in quam fringilla rhoncus mauris enim leo rhoncus sed', 'Dene Hitchens', '1137228666', 'dhitchens24@tmall.com', '22 Maryland Way', '2018-10-02 16:33:43', '2022-04-12 09:56:15');
insert into orderTable (id, user_id, status, shipping, discount, total, note, buyer_name, mobile, email, address, created_date, modified_date) values (78, 24, 'Approved', 18951, 52, 46657821, 'nullam molestie nibh in lectus pellentesque at nulla suspendisse potenti cras in purus eu magna vulputate luctus', 'Jobi Merritt', '2547921032', 'jmerritt25@npr.org', '021 Cambridge Lane', '2018-08-18 22:42:57', '2021-09-10 19:36:17');
insert into orderTable (id, user_id, status, shipping, discount, total, note, buyer_name, mobile, email, address, created_date, modified_date) values (79, 46, 'Approved', 84541, 38, 49685222, 'nisl duis bibendum felis sed interdum venenatis turpis enim blandit mi in porttitor pede justo eu massa donec dapibus', 'Even Hancox', '2565491286', 'ehancox26@yellowbook.com', '827 Kennedy Point', '2019-01-11 10:34:38', '2022-07-16 20:40:17');
insert into orderTable (id, user_id, status, shipping, discount, total, note, buyer_name, mobile, email, address, created_date, modified_date) values (80, 30, 'Approved', 50313, 55, 39497054, 'vestibulum vestibulum ante ipsum primis in faucibus orci luctus et ultrices posuere cubilia curae nulla dapibus dolor vel', 'Sherill Kelmere', '2993760977', 'skelmere27@dropbox.com', '3 Northfield Park', '2019-01-03 06:08:08', '2022-01-27 02:40:24');
insert into orderTable (id, user_id, status, shipping, discount, total, note, buyer_name, mobile, email, address, created_date, modified_date) values (81, 10, 'Rejected', 75775, 99, 2878858, 'dolor sit amet consectetuer adipiscing elit proin interdum mauris non ligula pellentesque ultrices phasellus id sapien in sapien iaculis', 'Sheila Heims', '3062100771', 'sheims28@yandex.ru', '1751 Bunker Hill Park', '2018-11-19 11:52:40', '2021-10-22 10:01:55');
insert into orderTable (id, user_id, status, shipping, discount, total, note, buyer_name, mobile, email, address, created_date, modified_date) values (82, 23, 'Rejected', 27677, 24, 17267771, 'justo etiam pretium iaculis justo in hac habitasse platea dictumst etiam faucibus cursus urna ut tellus nulla ut erat', 'Pearl Lis', '7435486225', 'plis29@apple.com', '9725 Mandrake Street', '2019-07-29 08:42:35', '2022-06-27 19:03:04');
insert into orderTable (id, user_id, status, shipping, discount, total, note, buyer_name, mobile, email, address, created_date, modified_date) values (83, 52, 'Rejected', 74185, 47, 40073829, 'mauris morbi non lectus aliquam sit amet diam in magna bibendum imperdiet nullam orci pede', 'Nathalia Costelloe', '4655014087', 'ncostelloe2a@studiopress.com', '5 Mosinee Road', '2019-05-01 16:03:37', '2021-11-09 22:19:18');
insert into orderTable (id, user_id, status, shipping, discount, total, note, buyer_name, mobile, email, address, created_date, modified_date) values (84, 98, 'Approved', 12480, 11, 24028383, 'in tempor turpis nec euismod scelerisque quam turpis adipiscing lorem vitae mattis nibh ligula nec sem duis aliquam convallis nunc', 'Prescott Cheel', '9055733537', 'pcheel2b@dedecms.com', '048 Sugar Lane', '2018-07-22 12:13:04', '2022-01-20 14:06:15');
insert into orderTable (id, user_id, status, shipping, discount, total, note, buyer_name, mobile, email, address, created_date, modified_date) values (85, 40, 'Approved', 44022, 82, 37856597, 'felis ut at dolor quis odio consequat varius integer ac leo pellentesque ultrices mattis odio donec vitae nisi', 'Alden Plenty', '2092375901', 'aplenty2c@bbc.co.uk', '82 Orin Trail', '2019-01-03 17:34:20', '2022-06-09 11:15:08');
insert into orderTable (id, user_id, status, shipping, discount, total, note, buyer_name, mobile, email, address, created_date, modified_date) values (86, 90, 'Saved', 87893, 35, 3177255, 'sed lacus morbi sem mauris laoreet ut rhoncus aliquet pulvinar sed', 'Rae McInnerny', '4319143630', 'rmcinnerny2d@tmall.com', '27 Center Terrace', '2019-03-02 00:40:28', '2022-01-11 11:54:56');
insert into orderTable (id, user_id, status, shipping, discount, total, note, buyer_name, mobile, email, address, created_date, modified_date) values (87, 62, 'Rejected', 45259, 13, 37052195, 'in hac habitasse platea dictumst aliquam augue quam sollicitudin vitae', 'Belva Dobbing', '6864436379', 'bdobbing2e@epa.gov', '349 Fordem Junction', '2019-04-10 10:59:32', '2022-06-15 12:14:16');
insert into orderTable (id, user_id, status, shipping, discount, total, note, buyer_name, mobile, email, address, created_date, modified_date) values (88, 44, 'Approved', 57496, 73, 31043144, 'vestibulum vestibulum ante ipsum primis in faucibus orci luctus et ultrices posuere cubilia curae', 'Wiatt Duckworth', '8002068759', 'wduckworth2f@statcounter.com', '5035 Chinook Center', '2018-11-09 18:23:43', '2021-10-01 18:20:54');
insert into orderTable (id, user_id, status, shipping, discount, total, note, buyer_name, mobile, email, address, created_date, modified_date) values (89, 78, 'Approved', 87756, 6, 26517655, 'at nulla suspendisse potenti cras in purus eu magna vulputate luctus cum sociis natoque penatibus et magnis dis', 'Dean Osban', '5025884814', 'dosban2g@meetup.com', '0 Crowley Court', '2019-08-04 02:11:54', '2021-11-13 20:32:08');
insert into orderTable (id, user_id, status, shipping, discount, total, note, buyer_name, mobile, email, address, created_date, modified_date) values (90, 46, 'Rejected', 57702, 83, 1438525, 'vestibulum ac est lacinia nisi venenatis tristique fusce congue diam id ornare imperdiet sapien urna pretium nisl ut volutpat', 'Marie Cohani', '2898824671', 'mcohani2h@prlog.org', '07116 Kenwood Trail', '2018-06-06 05:38:59', '2022-06-08 08:39:15');
insert into orderTable (id, user_id, status, shipping, discount, total, note, buyer_name, mobile, email, address, created_date, modified_date) values (91, 42, 'Rejected', 12024, 35, 22717380, 'id mauris vulputate elementum nullam varius nulla facilisi cras non velit nec nisi vulputate nonummy maecenas tincidunt', 'Orsola Rosell', '3447010116', 'orosell2i@reuters.com', '96756 Hanover Terrace', '2019-09-07 18:47:59', '2021-09-10 20:23:30');
insert into orderTable (id, user_id, status, shipping, discount, total, note, buyer_name, mobile, email, address, created_date, modified_date) values (92, 19, 'Rejected', 37157, 21, 25832964, 'aliquet maecenas leo odio condimentum id luctus nec molestie sed justo pellentesque viverra pede ac diam cras pellentesque volutpat', 'Kendal Lakey', '1498733476', 'klakey2j@amazon.co.jp', '8325 Grover Avenue', '2019-11-08 04:00:34', '2022-04-25 08:02:40');
insert into orderTable (id, user_id, status, shipping, discount, total, note, buyer_name, mobile, email, address, created_date, modified_date) values (93, 83, 'Saved', 39549, 16, 48666067, 'odio justo sollicitudin ut suscipit a feugiat et eros vestibulum ac est', 'Kirby Bauman', '3905525519', 'kbauman2k@skype.com', '7674 Troy Junction', '2019-09-20 08:25:21', '2022-07-23 20:11:27');
insert into orderTable (id, user_id, status, shipping, discount, total, note, buyer_name, mobile, email, address, created_date, modified_date) values (94, 5, 'Approved', 56436, 71, 35291641, 'eu massa donec dapibus duis at velit eu est congue elementum in', 'Ardelia Kwiek', '2166233266', 'akwiek2l@ameblo.jp', '83 Jenna Street', '2018-12-20 11:50:21', '2021-12-26 05:45:06');
insert into orderTable (id, user_id, status, shipping, discount, total, note, buyer_name, mobile, email, address, created_date, modified_date) values (95, 15, 'Rejected', 71548, 73, 19665387, 'maecenas leo odio condimentum id luctus nec molestie sed justo pellentesque viverra pede ac diam cras pellentesque volutpat dui maecenas', 'Stacie Fairtlough', '6485243147', 'sfairtlough2m@tamu.edu', '14 Steensland Point', '2018-05-24 14:56:58', '2021-09-27 14:52:31');
insert into orderTable (id, user_id, status, shipping, discount, total, note, buyer_name, mobile, email, address, created_date, modified_date) values (96, 84, 'Saved', 21939, 88, 29568196, 'donec ut mauris eget massa tempor convallis nulla neque libero convallis eget', 'Kristos Very', '4504443225', 'kvery2n@linkedin.com', '5 Schiller Parkway', '2019-06-24 18:13:57', '2022-03-29 05:14:53');
insert into orderTable (id, user_id, status, shipping, discount, total, note, buyer_name, mobile, email, address, created_date, modified_date) values (97, 27, 'Rejected', 27646, 96, 18611306, 'massa donec dapibus duis at velit eu est congue elementum in hac habitasse platea dictumst morbi vestibulum velit id', 'Noemi Revitt', '8659414075', 'nrevitt2o@mail.ru', '05 Fallview Trail', '2019-06-16 09:22:16', '2022-02-06 22:45:06');
insert into orderTable (id, user_id, status, shipping, discount, total, note, buyer_name, mobile, email, address, created_date, modified_date) values (98, 10, 'Rejected', 17451, 66, 39548431, 'justo nec condimentum neque sapien placerat ante nulla justo aliquam quis turpis eget elit sodales', 'Shelden Kimber', '6365705596', 'skimber2p@vk.com', '38 Golf Course Point', '2019-11-26 01:04:40', '2022-02-18 15:00:56');
insert into orderTable (id, user_id, status, shipping, discount, total, note, buyer_name, mobile, email, address, created_date, modified_date) values (99, 77, 'Saved', 76099, 25, 3880137, 'eleifend quam a odio in hac habitasse platea dictumst maecenas ut massa quis augue luctus tincidunt', 'Sayers Cartledge', '9458167605', 'scartledge2q@yelp.com', '7 Independence Parkway', '2019-04-06 21:53:06', '2022-06-06 14:45:56');
insert into orderTable (id, user_id, status, shipping, discount, total, note, buyer_name, mobile, email, address, created_date, modified_date) values (100, 61, 'Saved', 93653, 28, 20041508, 'dui vel nisl duis ac nibh fusce lacus purus aliquet at feugiat non pretium quis lectus', 'Frankie Vila', '6682095092', 'fvila2r@tmall.com', '086 Jana Avenue', '2019-04-19 17:36:15', '2022-06-13 05:40:41');

-- cartsItem
insert into cartsItem (id, cart_id, product_id, price, discount, quantity, created_date, modified_date) values (1, 51, 41, 29623963.28, 97, 356, '2019-05-04 08:53:47', '2021-12-12 08:00:52');
insert into cartsItem (id, cart_id, product_id, price, discount, quantity, created_date, modified_date) values (2, 37, 59, 17048310.84, 94, 159, '2018-07-30 14:53:38', '2020-11-30 21:09:02');
insert into cartsItem (id, cart_id, product_id, price, discount, quantity, created_date, modified_date) values (3, 26, 20, 42987498.65, 60, 901, '2020-01-30 23:55:01', '2021-02-15 04:34:22');
insert into cartsItem (id, cart_id, product_id, price, discount, quantity, created_date, modified_date) values (4, 3, 59, 6313663.0, 20, 763, '2019-05-12 14:28:10', '2021-10-10 19:23:14');
insert into cartsItem (id, cart_id, product_id, price, discount, quantity, created_date, modified_date) values (5, 66, 66, 23527012.87, 21, 847, '2019-11-05 22:25:19', '2022-04-15 12:09:59');
insert into cartsItem (id, cart_id, product_id, price, discount, quantity, created_date, modified_date) values (6, 5, 15, 5036263.0, 16, 350, '2018-07-03 13:35:50', '2021-08-01 21:38:49');
insert into cartsItem (id, cart_id, product_id, price, discount, quantity, created_date, modified_date) values (7, 78, 69, 27989628.53, 75, 401, '2019-12-09 17:38:31', '2020-08-06 19:27:36');
insert into cartsItem (id, cart_id, product_id, price, discount, quantity, created_date, modified_date) values (8, 39, 52, 8880172.0, 89, 172, '2019-03-25 14:41:44', '2020-10-17 03:07:33');
insert into cartsItem (id, cart_id, product_id, price, discount, quantity, created_date, modified_date) values (9, 2, 31, 26486180.85, 25, 422, '2018-04-17 10:04:11', '2021-07-01 17:42:03');
insert into cartsItem (id, cart_id, product_id, price, discount, quantity, created_date, modified_date) values (10, 95, 93, 34241878.73, 62, 874, '2018-10-02 10:21:07', '2020-09-20 18:28:13');
insert into cartsItem (id, cart_id, product_id, price, discount, quantity, created_date, modified_date) values (11, 28, 60, 1668820.51, 76, 54, '2018-09-14 00:58:34', '2021-04-09 00:25:39');
insert into cartsItem (id, cart_id, product_id, price, discount, quantity, created_date, modified_date) values (12, 79, 55, 24663990.61, 61, 803, '2018-03-28 01:27:34', '2021-06-28 23:45:34');
insert into cartsItem (id, cart_id, product_id, price, discount, quantity, created_date, modified_date) values (13, 72, 97, 42591425.99, 92, 451, '2019-02-12 06:29:48', '2022-06-28 23:57:38');
insert into cartsItem (id, cart_id, product_id, price, discount, quantity, created_date, modified_date) values (14, 100, 29, 13579745.81, 10, 941, '2019-09-23 10:17:53', '2021-01-23 04:59:47');
insert into cartsItem (id, cart_id, product_id, price, discount, quantity, created_date, modified_date) values (15, 13, 67, 24971908.36, 54, 272, '2018-11-10 08:17:42', '2020-10-13 08:07:22');
insert into cartsItem (id, cart_id, product_id, price, discount, quantity, created_date, modified_date) values (16, 72, 4, 2961371.19, 50, 932, '2018-06-17 01:15:11', '2020-09-14 01:34:45');
insert into cartsItem (id, cart_id, product_id, price, discount, quantity, created_date, modified_date) values (17, 16, 81, 32944891.7, 91, 286, '2019-09-06 10:40:12', '2020-08-17 13:19:37');
insert into cartsItem (id, cart_id, product_id, price, discount, quantity, created_date, modified_date) values (18, 27, 35, 48841389.26, 43, 109, '2018-09-23 06:17:43', '2020-10-27 22:02:39');
insert into cartsItem (id, cart_id, product_id, price, discount, quantity, created_date, modified_date) values (19, 43, 21, 9202806.0, 57, 975, '2019-10-29 19:01:31', '2020-11-30 00:07:16');
insert into cartsItem (id, cart_id, product_id, price, discount, quantity, created_date, modified_date) values (20, 13, 4, 14376439.69, 15, 661, '2018-09-28 06:39:08', '2021-08-11 15:01:55');
insert into cartsItem (id, cart_id, product_id, price, discount, quantity, created_date, modified_date) values (21, 13, 78, 29667353.62, 40, 906, '2018-12-06 01:39:52', '2022-04-22 10:31:46');
insert into cartsItem (id, cart_id, product_id, price, discount, quantity, created_date, modified_date) values (22, 23, 50, 30938482.31, 77, 64, '2018-09-16 11:14:27', '2021-02-07 20:16:27');
insert into cartsItem (id, cart_id, product_id, price, discount, quantity, created_date, modified_date) values (23, 73, 5, 42387673.53, 75, 870, '2018-12-27 14:44:45', '2021-11-22 20:05:16');
insert into cartsItem (id, cart_id, product_id, price, discount, quantity, created_date, modified_date) values (24, 33, 10, 29875753.97, 10, 174, '2019-08-17 09:08:57', '2022-04-22 11:35:23');
insert into cartsItem (id, cart_id, product_id, price, discount, quantity, created_date, modified_date) values (25, 66, 5, 1410191.25, 96, 86, '2018-10-26 07:49:00', '2020-12-10 07:01:29');
insert into cartsItem (id, cart_id, product_id, price, discount, quantity, created_date, modified_date) values (26, 77, 25, 41662102.53, 77, 983, '2019-09-19 20:50:06', '2022-04-07 17:21:28');
insert into cartsItem (id, cart_id, product_id, price, discount, quantity, created_date, modified_date) values (27, 93, 31, 8734225.0, 95, 902, '2019-06-12 06:23:24', '2022-03-26 08:39:33');
insert into cartsItem (id, cart_id, product_id, price, discount, quantity, created_date, modified_date) values (28, 26, 9, 10067532.1, 68, 693, '2018-10-19 03:46:09', '2021-01-21 10:27:16');
insert into cartsItem (id, cart_id, product_id, price, discount, quantity, created_date, modified_date) values (29, 97, 70, 41167782.95, 37, 587, '2019-01-03 17:20:56', '2022-05-27 00:09:36');
insert into cartsItem (id, cart_id, product_id, price, discount, quantity, created_date, modified_date) values (30, 39, 87, 13731963.45, 92, 510, '2019-07-23 16:28:45', '2022-06-04 17:40:11');
insert into cartsItem (id, cart_id, product_id, price, discount, quantity, created_date, modified_date) values (31, 34, 89, 6374662.0, 48, 300, '2018-08-22 18:07:05', '2021-02-01 02:47:19');
insert into cartsItem (id, cart_id, product_id, price, discount, quantity, created_date, modified_date) values (32, 95, 85, 13957596.13, 67, 661, '2018-10-01 03:09:57', '2021-01-25 21:47:44');
insert into cartsItem (id, cart_id, product_id, price, discount, quantity, created_date, modified_date) values (33, 24, 30, 40130117.38, 35, 945, '2018-07-07 11:53:56', '2021-04-03 09:14:33');
insert into cartsItem (id, cart_id, product_id, price, discount, quantity, created_date, modified_date) values (34, 7, 70, 31598118.52, 97, 108, '2018-12-26 14:17:14', '2021-02-11 22:52:50');
insert into cartsItem (id, cart_id, product_id, price, discount, quantity, created_date, modified_date) values (35, 54, 85, 13300590.44, 29, 399, '2019-03-21 20:38:09', '2022-07-30 02:21:33');
insert into cartsItem (id, cart_id, product_id, price, discount, quantity, created_date, modified_date) values (36, 7, 7, 37173356.91, 72, 89, '2019-05-21 10:49:06', '2021-01-09 12:12:35');
insert into cartsItem (id, cart_id, product_id, price, discount, quantity, created_date, modified_date) values (37, 7, 89, 22534188.92, 9, 113, '2019-08-09 15:13:05', '2021-07-05 04:19:09');
insert into cartsItem (id, cart_id, product_id, price, discount, quantity, created_date, modified_date) values (38, 75, 63, 12880471.57, 67, 126, '2018-04-27 14:45:03', '2021-03-17 11:06:11');
insert into cartsItem (id, cart_id, product_id, price, discount, quantity, created_date, modified_date) values (39, 37, 69, 25065895.58, 22, 172, '2018-03-17 14:38:48', '2021-04-03 10:14:29');
insert into cartsItem (id, cart_id, product_id, price, discount, quantity, created_date, modified_date) values (40, 54, 95, 23786092.17, 1, 385, '2018-03-21 10:09:35', '2020-09-29 03:46:30');
insert into cartsItem (id, cart_id, product_id, price, discount, quantity, created_date, modified_date) values (41, 1, 100, 10076533.66, 43, 527, '2018-06-07 17:26:40', '2022-04-30 09:28:23');
insert into cartsItem (id, cart_id, product_id, price, discount, quantity, created_date, modified_date) values (42, 10, 40, 41611878.83, 91, 92, '2019-02-26 14:36:33', '2021-10-30 21:37:48');
insert into cartsItem (id, cart_id, product_id, price, discount, quantity, created_date, modified_date) values (43, 82, 82, 14203679.22, 37, 117, '2019-06-15 04:36:45', '2021-12-04 22:47:51');
insert into cartsItem (id, cart_id, product_id, price, discount, quantity, created_date, modified_date) values (44, 3, 26, 44514535.86, 28, 761, '2018-03-26 03:32:46', '2021-08-16 06:51:42');
insert into cartsItem (id, cart_id, product_id, price, discount, quantity, created_date, modified_date) values (45, 51, 7, 28530960.87, 28, 956, '2019-01-24 02:45:20', '2021-12-18 04:46:36');
insert into cartsItem (id, cart_id, product_id, price, discount, quantity, created_date, modified_date) values (46, 70, 63, 30813573.7, 65, 633, '2019-03-03 21:38:11', '2022-06-15 23:59:51');
insert into cartsItem (id, cart_id, product_id, price, discount, quantity, created_date, modified_date) values (47, 13, 18, 39522063.38, 17, 392, '2019-04-11 23:43:47', '2021-09-06 05:32:56');
insert into cartsItem (id, cart_id, product_id, price, discount, quantity, created_date, modified_date) values (48, 42, 17, 47117726.48, 49, 243, '2019-01-11 00:55:24', '2022-02-24 15:26:31');
insert into cartsItem (id, cart_id, product_id, price, discount, quantity, created_date, modified_date) values (49, 25, 84, 22459352.54, 96, 758, '2019-12-03 14:17:45', '2021-08-27 04:20:34');
insert into cartsItem (id, cart_id, product_id, price, discount, quantity, created_date, modified_date) values (50, 98, 21, 7275678.0, 64, 683, '2019-12-02 18:04:33', '2022-02-27 18:38:27');
insert into cartsItem (id, cart_id, product_id, price, discount, quantity, created_date, modified_date) values (51, 41, 87, 37069706.78, 99, 86, '2018-12-30 11:15:53', '2020-07-23 16:32:18');
insert into cartsItem (id, cart_id, product_id, price, discount, quantity, created_date, modified_date) values (52, 49, 99, 41940002.41, 61, 731, '2019-10-13 21:40:27', '2021-11-06 07:50:09');
insert into cartsItem (id, cart_id, product_id, price, discount, quantity, created_date, modified_date) values (53, 53, 76, 33389874.93, 2, 591, '2020-01-26 02:46:14', '2020-12-14 11:51:12');
insert into cartsItem (id, cart_id, product_id, price, discount, quantity, created_date, modified_date) values (54, 19, 24, 24320748.6, 57, 296, '2019-03-28 16:40:07', '2021-11-19 06:59:53');
insert into cartsItem (id, cart_id, product_id, price, discount, quantity, created_date, modified_date) values (55, 33, 25, 5815899.0, 86, 322, '2020-01-23 13:20:52', '2021-05-04 15:52:45');
insert into cartsItem (id, cart_id, product_id, price, discount, quantity, created_date, modified_date) values (56, 13, 96, 22339264.72, 58, 282, '2018-05-13 13:45:59', '2021-10-20 18:48:09');
insert into cartsItem (id, cart_id, product_id, price, discount, quantity, created_date, modified_date) values (57, 39, 34, 21518456.39, 68, 988, '2019-10-23 15:34:52', '2022-03-31 16:15:57');
insert into cartsItem (id, cart_id, product_id, price, discount, quantity, created_date, modified_date) values (58, 31, 16, 3732345.44, 34, 149, '2019-02-11 15:38:49', '2021-02-10 07:42:20');
insert into cartsItem (id, cart_id, product_id, price, discount, quantity, created_date, modified_date) values (59, 11, 45, 46909507.95, 68, 291, '2018-10-08 08:18:41', '2021-09-17 10:06:11');
insert into cartsItem (id, cart_id, product_id, price, discount, quantity, created_date, modified_date) values (60, 43, 57, 4875017.9, 56, 193, '2019-05-05 08:39:34', '2021-08-12 06:31:53');
insert into cartsItem (id, cart_id, product_id, price, discount, quantity, created_date, modified_date) values (61, 89, 54, 23262822.86, 76, 974, '2018-08-25 12:48:47', '2022-02-28 08:42:54');
insert into cartsItem (id, cart_id, product_id, price, discount, quantity, created_date, modified_date) values (62, 41, 18, 19962327.97, 9, 408, '2019-10-31 13:33:34', '2021-07-08 08:44:54');
insert into cartsItem (id, cart_id, product_id, price, discount, quantity, created_date, modified_date) values (63, 43, 62, 5565639.55, 48, 726, '2019-05-22 02:08:32', '2022-05-05 08:25:24');
insert into cartsItem (id, cart_id, product_id, price, discount, quantity, created_date, modified_date) values (64, 33, 30, 9924099.0, 17, 377, '2019-06-22 13:01:52', '2022-01-01 19:20:49');
insert into cartsItem (id, cart_id, product_id, price, discount, quantity, created_date, modified_date) values (65, 84, 24, 3693934.0, 90, 517, '2018-04-12 01:30:43', '2021-07-22 17:11:09');
insert into cartsItem (id, cart_id, product_id, price, discount, quantity, created_date, modified_date) values (66, 15, 2, 36293387.08, 12, 55, '2019-10-15 18:17:33', '2021-08-26 01:18:55');
insert into cartsItem (id, cart_id, product_id, price, discount, quantity, created_date, modified_date) values (67, 32, 100, 18569515.39, 41, 502, '2019-05-03 08:26:32', '2021-07-31 01:28:32');
insert into cartsItem (id, cart_id, product_id, price, discount, quantity, created_date, modified_date) values (68, 87, 86, 28047751.46, 24, 124, '2019-01-26 17:21:12', '2021-06-01 04:26:34');
insert into cartsItem (id, cart_id, product_id, price, discount, quantity, created_date, modified_date) values (69, 40, 21, 7427056.47, 20, 267, '2019-01-07 17:37:46', '2021-01-23 02:33:19');
insert into cartsItem (id, cart_id, product_id, price, discount, quantity, created_date, modified_date) values (70, 92, 48, 18819136.6, 26, 292, '2019-06-14 08:44:03', '2021-01-13 16:47:05');
insert into cartsItem (id, cart_id, product_id, price, discount, quantity, created_date, modified_date) values (71, 28, 90, 8387453.08, 20, 984, '2018-11-03 17:10:20', '2021-05-07 03:15:08');
insert into cartsItem (id, cart_id, product_id, price, discount, quantity, created_date, modified_date) values (72, 86, 19, 44022202.6, 89, 887, '2018-09-15 08:20:27', '2021-10-12 12:29:31');
insert into cartsItem (id, cart_id, product_id, price, discount, quantity, created_date, modified_date) values (73, 7, 13, 16932448.58, 41, 975, '2018-02-26 06:33:46', '2021-01-04 08:48:37');
insert into cartsItem (id, cart_id, product_id, price, discount, quantity, created_date, modified_date) values (74, 75, 100, 27821701.9, 36, 141, '2019-08-19 23:24:42', '2022-07-27 06:25:52');
insert into cartsItem (id, cart_id, product_id, price, discount, quantity, created_date, modified_date) values (75, 72, 23, 9518349.0, 22, 338, '2018-07-18 21:44:31', '2021-10-14 16:12:30');
insert into cartsItem (id, cart_id, product_id, price, discount, quantity, created_date, modified_date) values (76, 73, 72, 32127207.33, 20, 280, '2018-04-22 15:31:12', '2022-06-08 13:45:48');
insert into cartsItem (id, cart_id, product_id, price, discount, quantity, created_date, modified_date) values (77, 51, 73, 3448778.49, 25, 536, '2018-06-20 12:36:05', '2021-02-13 05:16:42');
insert into cartsItem (id, cart_id, product_id, price, discount, quantity, created_date, modified_date) values (78, 61, 63, 19874721.29, 35, 58, '2019-03-05 20:32:43', '2022-07-18 23:54:58');
insert into cartsItem (id, cart_id, product_id, price, discount, quantity, created_date, modified_date) values (79, 8, 98, 49766436.22, 72, 237, '2018-12-08 17:03:07', '2021-12-13 05:37:10');
insert into cartsItem (id, cart_id, product_id, price, discount, quantity, created_date, modified_date) values (80, 97, 66, 25195734.11, 100, 769, '2019-09-22 02:13:39', '2021-06-25 11:33:31');
insert into cartsItem (id, cart_id, product_id, price, discount, quantity, created_date, modified_date) values (81, 83, 34, 46882425.32, 94, 260, '2020-01-22 00:45:25', '2022-04-24 07:33:24');
insert into cartsItem (id, cart_id, product_id, price, discount, quantity, created_date, modified_date) values (82, 40, 84, 46006720.14, 29, 798, '2019-11-30 09:49:31', '2022-03-31 03:01:36');
insert into cartsItem (id, cart_id, product_id, price, discount, quantity, created_date, modified_date) values (83, 62, 20, 38352496.12, 59, 428, '2019-08-10 18:35:41', '2022-01-30 10:43:10');
insert into cartsItem (id, cart_id, product_id, price, discount, quantity, created_date, modified_date) values (84, 67, 40, 9328314.0, 65, 959, '2019-07-09 23:30:08', '2022-08-09 15:09:05');
insert into cartsItem (id, cart_id, product_id, price, discount, quantity, created_date, modified_date) values (85, 79, 17, 17383946.34, 82, 733, '2019-06-19 23:07:29', '2021-03-04 01:24:57');
insert into cartsItem (id, cart_id, product_id, price, discount, quantity, created_date, modified_date) values (86, 89, 40, 36785540.37, 72, 801, '2019-09-02 12:01:01', '2021-01-09 18:55:38');
insert into cartsItem (id, cart_id, product_id, price, discount, quantity, created_date, modified_date) values (87, 97, 88, 32118857.35, 43, 384, '2019-03-12 15:56:21', '2022-06-06 18:12:11');
insert into cartsItem (id, cart_id, product_id, price, discount, quantity, created_date, modified_date) values (88, 47, 51, 19140660.07, 36, 85, '2018-07-31 11:58:36', '2022-05-07 15:43:15');
insert into cartsItem (id, cart_id, product_id, price, discount, quantity, created_date, modified_date) values (89, 22, 13, 39179810.28, 36, 147, '2018-12-09 11:20:52', '2021-10-11 22:54:31');
insert into cartsItem (id, cart_id, product_id, price, discount, quantity, created_date, modified_date) values (90, 35, 57, 49619969.33, 64, 411, '2019-11-23 04:36:11', '2022-05-25 15:42:17');
insert into cartsItem (id, cart_id, product_id, price, discount, quantity, created_date, modified_date) values (91, 38, 70, 34694025.09, 6, 716, '2019-07-19 23:03:10', '2021-10-20 09:26:07');
insert into cartsItem (id, cart_id, product_id, price, discount, quantity, created_date, modified_date) values (92, 79, 20, 29846447.48, 61, 593, '2018-06-26 12:15:11', '2022-04-27 22:10:09');
insert into cartsItem (id, cart_id, product_id, price, discount, quantity, created_date, modified_date) values (93, 29, 92, 15889356.18, 1, 966, '2019-10-22 12:50:58', '2020-07-09 07:08:54');
insert into cartsItem (id, cart_id, product_id, price, discount, quantity, created_date, modified_date) values (94, 62, 56, 39490184.66, 67, 314, '2018-08-18 06:30:30', '2022-05-28 13:09:30');
insert into cartsItem (id, cart_id, product_id, price, discount, quantity, created_date, modified_date) values (95, 32, 35, 38182025.05, 79, 943, '2019-03-03 19:13:49', '2021-12-14 08:55:16');
insert into cartsItem (id, cart_id, product_id, price, discount, quantity, created_date, modified_date) values (96, 33, 5, 40891799.45, 95, 394, '2019-10-22 15:01:31', '2021-03-09 21:46:09');
insert into cartsItem (id, cart_id, product_id, price, discount, quantity, created_date, modified_date) values (97, 62, 93, 25011013.05, 48, 308, '2018-02-12 18:01:49', '2020-10-10 13:14:59');
insert into cartsItem (id, cart_id, product_id, price, discount, quantity, created_date, modified_date) values (98, 43, 14, 41831363.11, 93, 842, '2019-07-04 14:26:31', '2020-08-17 12:46:22');
insert into cartsItem (id, cart_id, product_id, price, discount, quantity, created_date, modified_date) values (99, 72, 96, 2729668.72, 20, 817, '2020-01-17 02:06:53', '2020-11-24 14:17:59');
insert into cartsItem (id, cart_id, product_id, price, discount, quantity, created_date, modified_date) values (100, 36, 7, 32474594.82, 74, 525, '2019-11-17 21:32:12', '2022-01-01 19:27:11');

-- ordersItem 
insert into ordersItem (product_id, order_id, price, discount, quantity) values (30, 85, 26236202.62, 45, 608);
insert into ordersItem (product_id, order_id, price, discount, quantity) values (13, 61, 10157868.01, 9, 618);
insert into ordersItem (product_id, order_id, price, discount, quantity) values (98, 29, 34406180.59, 8, 507);
insert into ordersItem (product_id, order_id, price, discount, quantity) values (82, 66, 1585088.0, 98, 958);
insert into ordersItem (product_id, order_id, price, discount, quantity) values (35, 3, 29290223.72, 82, 55);
insert into ordersItem (product_id, order_id, price, discount, quantity) values (76, 14, 44277147.61, 97, 151);
insert into ordersItem (product_id, order_id, price, discount, quantity) values (95, 39, 45617406.77, 67, 972);
insert into ordersItem (product_id, order_id, price, discount, quantity) values (14, 16, 31027833.6, 49, 997);
insert into ordersItem (product_id, order_id, price, discount, quantity) values (22, 96, 19957987.21, 60, 525);
insert into ordersItem (product_id, order_id, price, discount, quantity) values (89, 30, 17762591.84, 86, 425);
insert into ordersItem (product_id, order_id, price, discount, quantity) values (84, 99, 39168239.22, 50, 342);
insert into ordersItem (product_id, order_id, price, discount, quantity) values (87, 46, 36455475.5, 35, 705);
insert into ordersItem (product_id, order_id, price, discount, quantity) values (33, 37, 2079472.85, 55, 610);
insert into ordersItem (product_id, order_id, price, discount, quantity) values (68, 68, 15611789.5, 5, 507);
insert into ordersItem (product_id, order_id, price, discount, quantity) values (58, 80, 28024461.48, 80, 93);
insert into ordersItem (product_id, order_id, price, discount, quantity) values (89, 99, 47413694.58, 78, 74);
insert into ordersItem (product_id, order_id, price, discount, quantity) values (38, 31, 8245431.0, 38, 534);
insert into ordersItem (product_id, order_id, price, discount, quantity) values (15, 9, 13893713.06, 25, 284);
insert into ordersItem (product_id, order_id, price, discount, quantity) values (5, 81, 24329653.03, 90, 199);
insert into ordersItem (product_id, order_id, price, discount, quantity) values (13, 75, 24190562.66, 30, 990);
insert into ordersItem (product_id, order_id, price, discount, quantity) values (70, 68, 33917012.57, 62, 790);
insert into ordersItem (product_id, order_id, price, discount, quantity) values (67, 96, 27233845.84, 27, 65);
insert into ordersItem (product_id, order_id, price, discount, quantity) values (88, 90, 31923750.54, 25, 996);
insert into ordersItem (product_id, order_id, price, discount, quantity) values (15, 99, 13011750.65, 35, 220);
insert into ordersItem (product_id, order_id, price, discount, quantity) values (61, 12, 35633961.97, 44, 752);
insert into ordersItem (product_id, order_id, price, discount, quantity) values (86, 93, 11169868.65, 78, 68);
insert into ordersItem (product_id, order_id, price, discount, quantity) values (15, 70, 19715349.16, 15, 747);
insert into ordersItem (product_id, order_id, price, discount, quantity) values (4, 52, 1583823.0, 56, 601);
insert into ordersItem (product_id, order_id, price, discount, quantity) values (17, 10, 33317254.17, 48, 121);
insert into ordersItem (product_id, order_id, price, discount, quantity) values (38, 12, 30311464.02, 24, 717);
insert into ordersItem (product_id, order_id, price, discount, quantity) values (96, 68, 14751606.15, 46, 286);
insert into ordersItem (product_id, order_id, price, discount, quantity) values (23, 78, 12036952.47, 88, 238);
insert into ordersItem (product_id, order_id, price, discount, quantity) values (54, 28, 16492449.98, 41, 84);
insert into ordersItem (product_id, order_id, price, discount, quantity) values (33, 26, 33133259.35, 23, 558);
insert into ordersItem (product_id, order_id, price, discount, quantity) values (89, 71, 7606893.0, 24, 830);
insert into ordersItem (product_id, order_id, price, discount, quantity) values (21, 22, 21674806.04, 50, 157);
insert into ordersItem (product_id, order_id, price, discount, quantity) values (28, 40, 14110266.05, 67, 75);
insert into ordersItem (product_id, order_id, price, discount, quantity) values (75, 65, 35384363.39, 98, 686);
insert into ordersItem (product_id, order_id, price, discount, quantity) values (10, 74, 17677238.91, 31, 700);
insert into ordersItem (product_id, order_id, price, discount, quantity) values (81, 75, 17651856.8, 21, 661);
insert into ordersItem (product_id, order_id, price, discount, quantity) values (50, 18, 15552266.24, 32, 700);
insert into ordersItem (product_id, order_id, price, discount, quantity) values (4, 80, 14941778.2, 65, 331);
insert into ordersItem (product_id, order_id, price, discount, quantity) values (98, 42, 33453683.8, 13, 898);
insert into ordersItem (product_id, order_id, price, discount, quantity) values (47, 8, 46140484.67, 90, 744);
insert into ordersItem (product_id, order_id, price, discount, quantity) values (83, 95, 16521427.57, 7, 203);
insert into ordersItem (product_id, order_id, price, discount, quantity) values (91, 69, 7475540.0, 53, 830);
insert into ordersItem (product_id, order_id, price, discount, quantity) values (58, 62, 18310318.52, 74, 377);
insert into ordersItem (product_id, order_id, price, discount, quantity) values (12, 41, 33149286.7, 18, 135);
insert into ordersItem (product_id, order_id, price, discount, quantity) values (53, 64, 36652347.12, 46, 646);
insert into ordersItem (product_id, order_id, price, discount, quantity) values (93, 64, 23815329.72, 99, 54);
insert into ordersItem (product_id, order_id, price, discount, quantity) values (45, 2, 47567633.2, 27, 130);
insert into ordersItem (product_id, order_id, price, discount, quantity) values (57, 28, 38318838.51, 35, 960);
insert into ordersItem (product_id, order_id, price, discount, quantity) values (40, 50, 4487107.0, 21, 199);
insert into ordersItem (product_id, order_id, price, discount, quantity) values (21, 59, 14436797.19, 32, 151);
insert into ordersItem (product_id, order_id, price, discount, quantity) values (30, 82, 49404079.36, 67, 989);
insert into ordersItem (product_id, order_id, price, discount, quantity) values (86, 40, 13270442.88, 8, 566);
insert into ordersItem (product_id, order_id, price, discount, quantity) values (18, 44, 15526986.88, 6, 677);
insert into ordersItem (product_id, order_id, price, discount, quantity) values (70, 86, 22325086.05, 43, 709);
insert into ordersItem (product_id, order_id, price, discount, quantity) values (34, 26, 4275945.0, 94, 422);
insert into ordersItem (product_id, order_id, price, discount, quantity) values (68, 75, 36587552.91, 77, 512);
insert into ordersItem (product_id, order_id, price, discount, quantity) values (62, 61, 34838051.23, 98, 135);
insert into ordersItem (product_id, order_id, price, discount, quantity) values (24, 49, 16908568.2, 29, 292);
insert into ordersItem (product_id, order_id, price, discount, quantity) values (79, 96, 11740357.57, 10, 299);
insert into ordersItem (product_id, order_id, price, discount, quantity) values (7, 76, 888640.0, 93, 226);
insert into ordersItem (product_id, order_id, price, discount, quantity) values (68, 24, 46139173.34, 80, 650);
insert into ordersItem (product_id, order_id, price, discount, quantity) values (15, 4, 18608572.19, 87, 415);
insert into ordersItem (product_id, order_id, price, discount, quantity) values (82, 24, 12581792.87, 61, 212);
insert into ordersItem (product_id, order_id, price, discount, quantity) values (53, 91, 28416642.82, 76, 366);
insert into ordersItem (product_id, order_id, price, discount, quantity) values (33, 82, 23662796.61, 64, 839);
insert into ordersItem (product_id, order_id, price, discount, quantity) values (99, 29, 4516807.0, 54, 400);
insert into ordersItem (product_id, order_id, price, discount, quantity) values (75, 72, 25713812.92, 32, 328);
insert into ordersItem (product_id, order_id, price, discount, quantity) values (99, 94, 14343855.66, 81, 662);
insert into ordersItem (product_id, order_id, price, discount, quantity) values (74, 39, 32687939.76, 75, 446);
insert into ordersItem (product_id, order_id, price, discount, quantity) values (90, 9, 31710028.52, 33, 885);
insert into ordersItem (product_id, order_id, price, discount, quantity) values (96, 3, 30293565.83, 50, 158);
insert into ordersItem (product_id, order_id, price, discount, quantity) values (11, 86, 37640919.06, 43, 518);
insert into ordersItem (product_id, order_id, price, discount, quantity) values (43, 80, 26130132.59, 75, 889);
insert into ordersItem (product_id, order_id, price, discount, quantity) values (50, 11, 36260650.39, 48, 477);
insert into ordersItem (product_id, order_id, price, discount, quantity) values (7, 64, 17503589.88, 48, 249);
insert into ordersItem (product_id, order_id, price, discount, quantity) values (80, 84, 46592466.12, 51, 944);
insert into ordersItem (product_id, order_id, price, discount, quantity) values (55, 3, 30153697.75, 25, 951);
insert into ordersItem (product_id, order_id, price, discount, quantity) values (34, 95, 26786052.54, 27, 738);
insert into ordersItem (product_id, order_id, price, discount, quantity) values (87, 37, 40621703.14, 27, 987);
insert into ordersItem (product_id, order_id, price, discount, quantity) values (92, 23, 34063716.9, 96, 698);
insert into ordersItem (product_id, order_id, price, discount, quantity) values (17, 60, 48046755.07, 55, 557);
insert into ordersItem (product_id, order_id, price, discount, quantity) values (73, 87, 49529323.98, 52, 327);
insert into ordersItem (product_id, order_id, price, discount, quantity) values (60, 51, 37037336.27, 68, 618);
insert into ordersItem (product_id, order_id, price, discount, quantity) values (62, 90, 42219911.9, 51, 66);
insert into ordersItem (product_id, order_id, price, discount, quantity) values (50, 62, 27548898.13, 40, 367);
insert into ordersItem (product_id, order_id, price, discount, quantity) values (32, 67, 5578382.0, 22, 662);
insert into ordersItem (product_id, order_id, price, discount, quantity) values (100, 39, 3118109.0, 62, 254);
insert into ordersItem (product_id, order_id, price, discount, quantity) values (11, 13, 37886610.15, 48, 776);
insert into ordersItem (product_id, order_id, price, discount, quantity) values (63, 91, 13291756.93, 49, 787);
insert into ordersItem (product_id, order_id, price, discount, quantity) values (70, 92, 15346240.6, 34, 922);
insert into ordersItem (product_id, order_id, price, discount, quantity) values (18, 12, 30166667.42, 74, 516);
insert into ordersItem (product_id, order_id, price, discount, quantity) values (92, 9, 35979957.75, 13, 566);
insert into ordersItem (product_id, order_id, price, discount, quantity) values (98, 34, 21180441.78, 49, 87);
insert into ordersItem (product_id, order_id, price, discount, quantity) values (50, 29, 22473259.88, 13, 135);
insert into ordersItem (product_id, order_id, price, discount, quantity) values (86, 49, 5446418.05, 28, 270);
insert into ordersItem (product_id, order_id, price, discount, quantity) values (36, 17, 46408072.16, 36, 310);
